iso3,year_id,fatalities,events_count,battles_count,protests_count,conflict_type,source,loaded_at
SDN,2014,4165,1367,269,203,Violence against civilians,acled,2026-04-20 19:50:05
KHM,2014,23,270,2,230,Protests,acled,2026-04-20 19:50:05
MWI,2014,11,35,0,28,Riots,acled,2026-04-20 19:50:05
ZAF,2014,154,1090,2,986,Riots,acled,2026-04-20 19:50:05
BGD,2014,391,1124,199,656,Riots,acled,2026-04-20 19:50:05
LBR,2014,26,114,1,97,Protests,acled,2026-04-20 19:50:05
TUN,2014,104,301,54,193,Protests,acled,2026-04-20 19:50:05
PAK,2014,5415,4200,537,2552,Protests,acled,2026-04-20 19:50:05
KEN,2014,613,472,71,288,Protests,acled,2026-04-20 19:50:05
ZMB,2014,7,114,6,74,Riots,acled,2026-04-20 19:50:05
NPL,2014,6,250,1,235,Protests,acled,2026-04-20 19:50:05
SOM,2014,4470,2946,1534,211,Battles,acled,2026-04-20 19:50:05
DJI,2014,11,23,8,1,Violence against civilians,acled,2026-04-20 19:50:05
BWA,2014,0,5,0,4,Protests,acled,2026-04-20 19:50:05
VNM,2014,29,47,1,29,Protests,acled,2026-04-20 19:50:05
SLE,2014,2,16,1,11,Riots,acled,2026-04-20 19:50:05
NGA,2014,11389,1526,303,626,Violence against civilians,acled,2026-04-20 19:50:05
EGY,2014,1363,1591,288,882,Protests,acled,2026-04-20 19:50:05
ETH,2014,335,132,33,79,Protests,acled,2026-04-20 19:50:05
TGO,2014,0,14,0,13,Protests,acled,2026-04-20 19:50:05
DZA,2014,229,283,76,175,Protests,acled,2026-04-20 19:50:05
BDI,2014,73,74,17,16,Violence against civilians,acled,2026-04-20 19:50:05
GAB,2014,2,14,0,14,Protests,acled,2026-04-20 19:50:05
GHA,2014,14,49,5,35,Protests,acled,2026-04-20 19:50:05
GNB,2014,22,5,0,0,Violence against civilians,acled,2026-04-20 19:50:05
MRT,2014,1,51,0,49,Protests,acled,2026-04-20 19:50:05
MLI,2014,382,158,43,20,Explosions/Remote violence,acled,2026-04-20 19:50:05
MAR,2014,4,137,3,110,Protests,acled,2026-04-20 19:50:05
MOZ,2014,57,142,56,44,Battles,acled,2026-04-20 19:50:05
RWA,2014,4,12,1,5,Protests,acled,2026-04-20 19:50:05
SEN,2014,11,130,2,112,Protests,acled,2026-04-20 19:50:05
SWZ,2014,0,11,1,8,Protests,acled,2026-04-20 19:50:05
MMR,2014,501,898,287,465,Protests,acled,2026-04-20 19:50:05
ERI,2014,10,3,0,2,Protests,acled,2026-04-20 19:50:05
TCD,2014,50,20,3,10,Protests,acled,2026-04-20 19:50:05
LSO,2014,1,10,3,0,Strategic developments,acled,2026-04-20 19:50:05
SSD,2014,6447,1008,540,69,Battles,acled,2026-04-20 19:50:05
GMB,2014,3,8,0,4,Violence against civilians,acled,2026-04-20 19:50:05
LAO,2014,0,1,0,1,Protests,acled,2026-04-20 19:50:05
CIV,2014,33,100,17,62,Protests,acled,2026-04-20 19:50:05
GIN,2014,13,40,4,30,Riots,acled,2026-04-20 19:50:05
COG,2014,11,19,1,6,Violence against civilians,acled,2026-04-20 19:50:05
LBY,2014,3351,1611,602,232,Battles,acled,2026-04-20 19:50:05
BEN,2014,0,7,0,7,Protests,acled,2026-04-20 19:50:05
COD,2014,1233,1051,363,205,Battles,acled,2026-04-20 19:50:05
ZWE,2014,7,198,5,118,Protests,acled,2026-04-20 19:50:05
THA,2014,424,1303,179,417,Protests,acled,2026-04-20 19:50:05
MDG,2014,465,133,39,56,Battles,acled,2026-04-20 19:50:05
CAF,2014,3618,1047,257,150,Violence against civilians,acled,2026-04-20 19:50:05
CMR,2014,1366,122,70,10,Battles,acled,2026-04-20 19:50:05
TZA,2014,36,67,8,34,Protests,acled,2026-04-20 19:50:05
BFA,2014,36,123,13,101,Protests,acled,2026-04-20 19:50:05
AGO,2014,0,8,0,6,Protests,acled,2026-04-20 19:50:05
NAM,2014,5,64,2,55,Protests,acled,2026-04-20 19:50:05
NER,2014,38,20,8,6,Battles,acled,2026-04-20 19:50:05
GNQ,2014,0,2,0,2,Protests,acled,2026-04-20 19:50:05
UGA,2014,195,114,13,45,Violence against civilians,acled,2026-04-20 19:50:05
LKA,2014,6,157,1,125,Protests,acled,2026-04-20 19:50:05
TUN,2015,161,466,34,367,Protests,acled,2026-04-20 19:50:05
BGD,2015,502,1937,137,1545,Riots,acled,2026-04-20 19:50:05
KHM,2015,9,146,1,133,Protests,acled,2026-04-20 19:50:05
PAK,2015,4503,4895,571,3453,Protests,acled,2026-04-20 19:50:05
LBR,2015,4,70,0,60,Protests,acled,2026-04-20 19:50:05
MWI,2015,12,52,2,46,Riots,acled,2026-04-20 19:50:05
ZMB,2015,8,108,8,69,Protests,acled,2026-04-20 19:50:05
VNM,2015,3,83,1,52,Protests,acled,2026-04-20 19:50:05
EGY,2015,2857,1230,308,311,Explosions/Remote violence,acled,2026-04-20 19:50:05
KEN,2015,534,342,41,227,Riots,acled,2026-04-20 19:50:05
ZAF,2015,211,1512,12,1396,Riots,acled,2026-04-20 19:50:05
ETH,2015,811,379,66,290,Protests,acled,2026-04-20 19:50:05
MMR,2015,1287,1178,632,337,Battles,acled,2026-04-20 19:50:05
BWA,2015,0,4,0,2,Protests,acled,2026-04-20 19:50:05
NPL,2015,51,751,4,730,Protests,acled,2026-04-20 19:50:05
SDN,2015,3496,1367,308,160,Violence against civilians,acled,2026-04-20 19:50:05
BDI,2015,1111,1579,189,456,Violence against civilians,acled,2026-04-20 19:50:05
NGA,2015,11119,1685,297,812,Protests,acled,2026-04-20 19:50:05
SOM,2015,4137,2366,1253,209,Battles,acled,2026-04-20 19:50:05
DJI,2015,27,9,1,2,Violence against civilians,acled,2026-04-20 19:50:05
SWZ,2015,3,8,0,3,Violence against civilians,acled,2026-04-20 19:50:05
AGO,2015,23,14,1,7,Protests,acled,2026-04-20 19:50:05
DZA,2015,154,356,60,278,Protests,acled,2026-04-20 19:50:05
SLE,2015,2,26,0,22,Protests,acled,2026-04-20 19:50:05
GHA,2015,32,92,10,69,Protests,acled,2026-04-20 19:50:05
RWA,2015,4,29,1,23,Protests,acled,2026-04-20 19:50:05
TGO,2015,8,18,0,16,Protests,acled,2026-04-20 19:50:05
LAO,2015,5,9,7,1,Battles,acled,2026-04-20 19:50:05
BEN,2015,3,8,2,5,Protests,acled,2026-04-20 19:50:05
TCD,2015,429,40,17,6,Battles,acled,2026-04-20 19:50:05
GAB,2015,0,20,0,18,Protests,acled,2026-04-20 19:50:05
GMB,2015,0,23,0,16,Protests,acled,2026-04-20 19:50:05
MRT,2015,1,39,2,35,Protests,acled,2026-04-20 19:50:05
MLI,2015,434,176,98,15,Battles,acled,2026-04-20 19:50:05
MAR,2015,4,126,0,116,Protests,acled,2026-04-20 19:50:05
NER,2015,988,72,32,13,Battles,acled,2026-04-20 19:50:05
LSO,2015,4,6,1,2,Violence against civilians,acled,2026-04-20 19:50:05
SEN,2015,1,95,5,83,Protests,acled,2026-04-20 19:50:05
COG,2015,4,30,0,24,Riots,acled,2026-04-20 19:50:05
SSD,2015,3567,890,427,46,Battles,acled,2026-04-20 19:50:05
IDN,2015,103,605,32,486,Protests,acled,2026-04-20 19:50:05
CIV,2015,24,71,4,62,Riots,acled,2026-04-20 19:50:05
YEM,2015,17496,8059,2028,285,Explosions/Remote violence,acled,2026-04-20 19:50:05
SAU,2015,878,442,68,1,Explosions/Remote violence,acled,2026-04-20 19:50:05
LBY,2015,3081,1430,522,200,Battles,acled,2026-04-20 19:50:05
GIN,2015,34,54,2,45,Riots,acled,2026-04-20 19:50:05
COD,2015,1791,839,295,219,Battles,acled,2026-04-20 19:50:05
ZWE,2015,19,264,4,157,Violence against civilians,acled,2026-04-20 19:50:05
THA,2015,251,779,117,189,Explosions/Remote violence,acled,2026-04-20 19:50:05
BFA,2015,23,116,7,100,Protests,acled,2026-04-20 19:50:05
MDG,2015,192,102,21,65,Riots,acled,2026-04-20 19:50:05
NAM,2015,4,74,0,72,Protests,acled,2026-04-20 19:50:05
MOZ,2015,48,44,13,21,Battles,acled,2026-04-20 19:50:05
CAF,2015,525,352,91,90,Violence against civilians,acled,2026-04-20 19:50:05
TZA,2015,35,78,11,47,Riots,acled,2026-04-20 19:50:05
CMR,2015,1439,135,42,18,Battles,acled,2026-04-20 19:50:05
GNQ,2015,0,1,0,0,Violence against civilians,acled,2026-04-20 19:50:05
ERI,2015,3,5,2,0,Explosions/Remote violence,acled,2026-04-20 19:50:05
GNB,2015,1,2,0,1,Protests,acled,2026-04-20 19:50:05
UGA,2015,29,215,12,153,Protests,acled,2026-04-20 19:50:05
LKA,2015,9,278,6,252,Protests,acled,2026-04-20 19:50:05
IND,2016,1661,13348,693,11814,Protests,acled,2026-04-20 19:50:05
KEN,2016,242,307,49,199,Riots,acled,2026-04-20 19:50:05
TUN,2016,120,748,47,634,Protests,acled,2026-04-20 19:50:05
NPL,2016,8,391,2,372,Protests,acled,2026-04-20 19:50:05
VNM,2016,5,66,0,45,Protests,acled,2026-04-20 19:50:05
IRQ,2016,56331,10511,2670,146,Explosions/Remote violence,acled,2026-04-20 19:50:05
SOM,2016,5950,2681,1131,214,Battles,acled,2026-04-20 19:50:05
MMR,2016,613,1107,455,258,Battles,acled,2026-04-20 19:50:05
EGY,2016,1721,737,189,260,Protests,acled,2026-04-20 19:50:05
MAR,2016,6,110,0,104,Protests,acled,2026-04-20 19:50:05
NGA,2016,4896,1408,337,668,Protests,acled,2026-04-20 19:50:05
LBN,2016,221,924,140,534,Protests,acled,2026-04-20 19:50:05
TUR,2016,4489,4253,1190,2206,Protests,acled,2026-04-20 19:50:05
YEM,2016,15661,9089,1932,112,Explosions/Remote violence,acled,2026-04-20 19:50:05
MWI,2016,23,63,0,57,Riots,acled,2026-04-20 19:50:05
TCD,2016,45,40,3,28,Protests,acled,2026-04-20 19:50:05
BGD,2016,421,822,127,536,Riots,acled,2026-04-20 19:50:05
SDN,2016,3904,1420,268,204,Violence against civilians,acled,2026-04-20 19:50:05
ISR,2016,16,208,12,149,Protests,acled,2026-04-20 19:50:05
IRN,2016,269,1757,57,1620,Protests,acled,2026-04-20 19:50:05
ZAF,2016,139,1435,3,1354,Protests,acled,2026-04-20 19:50:05
PAK,2016,2216,4436,426,3433,Protests,acled,2026-04-20 19:50:05
LBR,2016,8,62,3,51,Riots,acled,2026-04-20 19:50:05
KHM,2016,6,216,1,201,Protests,acled,2026-04-20 19:50:05
ZMB,2016,6,126,1,83,Riots,acled,2026-04-20 19:50:05
PSE,2016,177,1206,133,556,Riots,acled,2026-04-20 19:50:05
BDI,2016,453,1191,65,121,Violence against civilians,acled,2026-04-20 19:50:05
DZA,2016,129,357,48,276,Protests,acled,2026-04-20 19:50:05
BHR,2016,4,3163,1,3141,Protests,acled,2026-04-20 19:50:05
SAU,2016,1262,715,122,9,Explosions/Remote violence,acled,2026-04-20 19:50:05
PHL,2016,4533,3401,397,193,Violence against civilians,acled,2026-04-20 19:50:05
MLI,2016,320,167,71,15,Battles,acled,2026-04-20 19:50:05
TGO,2016,5,10,1,7,Riots,acled,2026-04-20 19:50:05
SLE,2016,7,24,3,19,Riots,acled,2026-04-20 19:50:05
ETH,2016,2515,1218,148,898,Protests,acled,2026-04-20 19:50:05
BWA,2016,1,6,0,5,Riots,acled,2026-04-20 19:50:05
JOR,2016,65,112,8,95,Protests,acled,2026-04-20 19:50:05
DJI,2016,0,5,2,1,Violence against civilians,acled,2026-04-20 19:50:05
KWT,2016,0,13,1,10,Protests,acled,2026-04-20 19:50:05
AGO,2016,115,45,15,19,Protests,acled,2026-04-20 19:50:05
BEN,2016,22,17,3,10,Protests,acled,2026-04-20 19:50:05
GAB,2016,7,26,1,20,Riots,acled,2026-04-20 19:50:05
GMB,2016,4,14,1,6,Protests,acled,2026-04-20 19:50:05
GHA,2016,42,121,10,96,Protests,acled,2026-04-20 19:50:05
SSD,2016,3686,1013,441,54,Battles,acled,2026-04-20 19:50:05
SWZ,2016,0,6,0,6,Protests,acled,2026-04-20 19:50:05
IDN,2016,52,434,14,365,Protests,acled,2026-04-20 19:50:05
RWA,2016,8,9,5,1,Battles,acled,2026-04-20 19:50:05
MOZ,2016,105,125,37,13,Violence against civilians,acled,2026-04-20 19:50:05
LSO,2016,4,5,0,0,Violence against civilians,acled,2026-04-20 19:50:05
COG,2016,78,39,12,4,Battles,acled,2026-04-20 19:50:05
LAO,2016,9,8,2,0,Violence against civilians,acled,2026-04-20 19:50:05
ERI,2016,37,7,3,0,Battles,acled,2026-04-20 19:50:05
GNB,2016,0,3,0,3,Protests,acled,2026-04-20 19:50:05
CIV,2016,89,66,12,49,Riots,acled,2026-04-20 19:50:05
GIN,2016,4,47,3,37,Riots,acled,2026-04-20 19:50:05
GNQ,2016,0,8,0,1,Strategic developments,acled,2026-04-20 19:50:05
LBY,2016,3333,1164,430,108,Battles,acled,2026-04-20 19:50:05
OMN,2016,0,3,0,0,Strategic developments,acled,2026-04-20 19:50:05
COD,2016,1740,969,336,246,Battles,acled,2026-04-20 19:50:05
ZWE,2016,7,229,5,138,Protests,acled,2026-04-20 19:50:05
THA,2016,253,759,116,129,Explosions/Remote violence,acled,2026-04-20 19:50:05
BFA,2016,81,104,15,76,Protests,acled,2026-04-20 19:50:05
MDG,2016,177,105,29,62,Protests,acled,2026-04-20 19:50:05
SEN,2016,18,55,3,45,Protests,acled,2026-04-20 19:50:05
CAF,2016,739,300,88,44,Violence against civilians,acled,2026-04-20 19:50:05
TZA,2016,46,51,5,32,Riots,acled,2026-04-20 19:50:05
NER,2016,367,82,46,18,Battles,acled,2026-04-20 19:50:05
NAM,2016,0,46,0,43,Protests,acled,2026-04-20 19:50:05
CMR,2016,721,298,89,41,Violence against civilians,acled,2026-04-20 19:50:05
UGA,2016,278,245,26,146,Riots,acled,2026-04-20 19:50:05
MRT,2016,0,23,0,21,Protests,acled,2026-04-20 19:50:05
LKA,2016,4,425,1,415,Protests,acled,2026-04-20 19:50:05
ISR,2017,11,432,6,370,Protests,acled,2026-04-20 19:50:05
IND,2017,1399,13870,769,12180,Protests,acled,2026-04-20 19:50:05
TGO,2017,44,59,1,50,Protests,acled,2026-04-20 19:50:05
IRQ,2017,31958,5298,1681,55,Explosions/Remote violence,acled,2026-04-20 19:50:05
GHA,2017,89,115,10,85,Protests,acled,2026-04-20 19:50:05
NGA,2017,4949,1643,383,727,Protests,acled,2026-04-20 19:50:05
NPL,2017,19,616,4,456,Protests,acled,2026-04-20 19:50:05
ZAF,2017,117,1047,5,999,Protests,acled,2026-04-20 19:50:05
GAB,2017,0,19,0,17,Protests,acled,2026-04-20 19:50:05
TUN,2017,27,774,30,678,Protests,acled,2026-04-20 19:50:05
DZA,2017,145,541,45,458,Protests,acled,2026-04-20 19:50:05
IRN,2017,185,2582,28,2454,Protests,acled,2026-04-20 19:50:05
EGY,2017,1544,588,230,140,Battles,acled,2026-04-20 19:50:05
LBN,2017,389,756,114,450,Protests,acled,2026-04-20 19:50:05
ETH,2017,1355,494,158,194,Battles,acled,2026-04-20 19:50:05
MWI,2017,19,49,0,48,Riots,acled,2026-04-20 19:50:05
MMR,2017,1408,1099,481,235,Battles,acled,2026-04-20 19:50:05
ZMB,2017,2,38,0,24,Riots,acled,2026-04-20 19:50:05
TUR,2017,2660,1760,645,678,Protests,acled,2026-04-20 19:50:05
TCD,2017,296,26,11,5,Battles,acled,2026-04-20 19:50:05
YEM,2017,17651,8542,2067,139,Explosions/Remote violence,acled,2026-04-20 19:50:05
KEN,2017,764,964,102,614,Riots,acled,2026-04-20 19:50:05
SOM,2017,6122,3040,1111,211,Battles,acled,2026-04-20 19:50:05
LBR,2017,7,57,4,47,Riots,acled,2026-04-20 19:50:05
SDN,2017,1304,820,156,181,Violence against civilians,acled,2026-04-20 19:50:05
GNB,2017,0,16,0,13,Protests,acled,2026-04-20 19:50:05
BGD,2017,227,570,86,400,Protests,acled,2026-04-20 19:50:05
VNM,2017,3,59,1,38,Protests,acled,2026-04-20 19:50:05
LSO,2017,4,4,1,0,Strategic developments,acled,2026-04-20 19:50:05
AGO,2017,67,92,19,43,Protests,acled,2026-04-20 19:50:05
SLE,2017,5,36,1,25,Riots,acled,2026-04-20 19:50:05
KHM,2017,5,112,0,105,Protests,acled,2026-04-20 19:50:05
PAK,2017,1719,4739,370,3973,Protests,acled,2026-04-20 19:50:05
KWT,2017,0,4,0,4,Protests,acled,2026-04-20 19:50:05
IDN,2017,53,332,16,239,Protests,acled,2026-04-20 19:50:05
BHR,2017,18,3758,6,3720,Protests,acled,2026-04-20 19:50:05
DJI,2017,0,5,0,3,Protests,acled,2026-04-20 19:50:05
SAU,2017,1432,766,184,3,Explosions/Remote violence,acled,2026-04-20 19:50:05
ERI,2017,1,7,0,4,Riots,acled,2026-04-20 19:50:05
RWA,2017,4,7,0,1,Violence against civilians,acled,2026-04-20 19:50:05
BEN,2017,15,39,4,30,Protests,acled,2026-04-20 19:50:05
PHL,2017,4358,3179,716,415,Violence against civilians,acled,2026-04-20 19:50:05
BDI,2017,285,841,23,168,Violence against civilians,acled,2026-04-20 19:50:05
GMB,2017,6,40,1,28,Riots,acled,2026-04-20 19:50:05
MAR,2017,4,185,4,171,Protests,acled,2026-04-20 19:50:05
SWZ,2017,0,3,0,3,Protests,acled,2026-04-20 19:50:05
JOR,2017,35,132,3,113,Protests,acled,2026-04-20 19:50:05
PSE,2017,124,1665,69,1134,Riots,acled,2026-04-20 19:50:05
QAT,2017,0,1,0,0,Strategic developments,acled,2026-04-20 19:50:05
LAO,2017,4,8,1,3,Violence against civilians,acled,2026-04-20 19:50:05
SSD,2017,4859,1238,619,48,Battles,acled,2026-04-20 19:50:05
MLI,2017,946,473,183,37,Battles,acled,2026-04-20 19:50:05
MRT,2017,2,56,0,52,Protests,acled,2026-04-20 19:50:05
COG,2017,21,17,3,9,Protests,acled,2026-04-20 19:50:05
MOZ,2017,129,100,13,55,Riots,acled,2026-04-20 19:50:05
CIV,2017,43,105,18,78,Riots,acled,2026-04-20 19:50:05
GIN,2017,47,68,3,62,Riots,acled,2026-04-20 19:50:05
GNQ,2017,5,9,0,3,Violence against civilians,acled,2026-04-20 19:50:05
LBY,2017,1707,1039,294,149,Explosions/Remote violence,acled,2026-04-20 19:50:05
AFG,2017,36607,13019,8440,136,Battles,acled,2026-04-20 19:50:05
NER,2017,240,56,26,11,Battles,acled,2026-04-20 19:50:05
COD,2017,3211,1065,448,234,Battles,acled,2026-04-20 19:50:05
ZWE,2017,9,298,10,121,Violence against civilians,acled,2026-04-20 19:50:05
THA,2017,162,515,73,163,Explosions/Remote violence,acled,2026-04-20 19:50:05
MDG,2017,210,170,58,52,Violence against civilians,acled,2026-04-20 19:50:05
CAF,2017,1832,448,178,45,Battles,acled,2026-04-20 19:50:05
CMR,2017,741,419,113,65,Violence against civilians,acled,2026-04-20 19:50:05
BFA,2017,117,205,35,95,Protests,acled,2026-04-20 19:50:05
NAM,2017,2,27,1,25,Protests,acled,2026-04-20 19:50:05
TZA,2017,280,89,9,14,Violence against civilians,acled,2026-04-20 19:50:05
SEN,2017,1,53,1,49,Protests,acled,2026-04-20 19:50:05
OMN,2017,0,1,0,0,Violence against civilians,acled,2026-04-20 19:50:05
ARE,2017,0,1,0,1,Protests,acled,2026-04-20 19:50:05
UGA,2017,66,226,18,138,Protests,acled,2026-04-20 19:50:05
BWA,2017,0,5,0,5,Riots,acled,2026-04-20 19:50:05
LKA,2017,2,395,1,380,Protests,acled,2026-04-20 19:50:05
SYR,2017,54333,31427,8760,216,Explosions/Remote violence,acled,2026-04-20 19:50:05
TUN,2018,34,714,20,631,Protests,acled,2026-04-20 19:50:05
GAB,2018,0,30,1,24,Protests,acled,2026-04-20 19:50:05
IND,2018,2121,18647,1121,15965,Protests,acled,2026-04-20 19:50:05
MRT,2018,3,69,2,61,Protests,acled,2026-04-20 19:50:05
EGY,2018,1115,497,166,82,Battles,acled,2026-04-20 19:50:05
ZAF,2018,114,1107,6,1048,Protests,acled,2026-04-20 19:50:05
NGA,2018,6163,2051,476,643,Violence against civilians,acled,2026-04-20 19:50:05
DZA,2018,66,703,16,577,Protests,acled,2026-04-20 19:50:05
KEN,2018,465,652,90,374,Protests,acled,2026-04-20 19:50:05
SOM,2018,5800,3238,1480,153,Battles,acled,2026-04-20 19:50:05
TUR,2018,991,3085,602,1915,Protests,acled,2026-04-20 19:50:05
YEM,2018,34274,11481,3690,384,Explosions/Remote violence,acled,2026-04-20 19:50:05
IRQ,2018,5255,3678,927,599,Explosions/Remote violence,acled,2026-04-20 19:50:05
PAK,2018,1225,6620,313,5696,Protests,acled,2026-04-20 19:50:05
BDI,2018,327,952,42,144,Violence against civilians,acled,2026-04-20 19:50:05
AGO,2018,41,72,4,40,Protests,acled,2026-04-20 19:50:05
NPL,2018,19,1981,5,1714,Protests,acled,2026-04-20 19:50:05
ZMB,2018,17,59,1,39,Riots,acled,2026-04-20 19:50:05
KHM,2018,16,81,1,69,Protests,acled,2026-04-20 19:50:05
MMR,2018,261,1113,477,257,Battles,acled,2026-04-20 19:50:05
VNM,2018,3,60,0,46,Protests,acled,2026-04-20 19:50:05
PSE,2018,413,5847,110,4010,Riots,acled,2026-04-20 19:50:05
ISR,2018,7,799,10,462,Protests,acled,2026-04-20 19:50:05
KWT,2018,0,5,0,5,Protests,acled,2026-04-20 19:50:05
LBN,2018,36,577,62,444,Protests,acled,2026-04-20 19:50:05
IRN,2018,258,3206,43,3014,Protests,acled,2026-04-20 19:50:05
BHR,2018,0,1634,0,1620,Protests,acled,2026-04-20 19:50:05
SLE,2018,10,109,4,68,Riots,acled,2026-04-20 19:50:05
COG,2018,28,16,0,6,Violence against civilians,acled,2026-04-20 19:50:05
PHL,2018,2118,2157,490,208,Violence against civilians,acled,2026-04-20 19:50:05
GNB,2018,0,9,0,9,Protests,acled,2026-04-20 19:50:05
LBR,2018,3,42,1,38,Protests,acled,2026-04-20 19:50:05
MAR,2018,7,238,1,216,Protests,acled,2026-04-20 19:50:05
RWA,2018,49,34,3,5,Violence against civilians,acled,2026-04-20 19:50:05
MWI,2018,16,48,0,43,Riots,acled,2026-04-20 19:50:05
ALB,2018,1,241,1,234,Protests,acled,2026-04-20 19:50:05
BLR,2018,0,122,0,106,Protests,acled,2026-04-20 19:50:05
BIH,2018,1,279,1,228,Protests,acled,2026-04-20 19:50:05
BGR,2018,0,376,0,375,Protests,acled,2026-04-20 19:50:05
GRC,2018,26,414,4,349,Protests,acled,2026-04-20 19:50:05
RUS,2018,122,1726,63,1300,Protests,acled,2026-04-20 19:50:05
SRB,2018,5,230,0,203,Protests,acled,2026-04-20 19:50:05
UKR,2018,896,15214,8021,1458,Battles,acled,2026-04-20 19:50:05
LAO,2018,0,3,0,1,Strategic developments,acled,2026-04-20 19:50:05
CYP,2018,1,102,0,95,Protests,acled,2026-04-20 19:50:05
MDA,2018,0,215,0,180,Protests,acled,2026-04-20 19:50:05
TCD,2018,259,83,28,15,Battles,acled,2026-04-20 19:50:05
ERI,2018,1,6,0,1,Strategic developments,acled,2026-04-20 19:50:05
SDN,2018,1054,749,152,206,Violence against civilians,acled,2026-04-20 19:50:05
JOR,2018,20,795,23,743,Protests,acled,2026-04-20 19:50:05
IDN,2018,174,1092,44,947,Protests,acled,2026-04-20 19:50:05
BGD,2018,268,1304,68,1010,Protests,acled,2026-04-20 19:50:05
MYS,2018,14,197,4,172,Protests,acled,2026-04-20 19:50:05
SSD,2018,1716,886,440,29,Battles,acled,2026-04-20 19:50:05
SWZ,2018,0,10,0,8,Protests,acled,2026-04-20 19:50:05
MLI,2018,1747,751,202,75,Violence against civilians,acled,2026-04-20 19:50:05
ARM,2018,6,1756,1317,377,Battles,acled,2026-04-20 19:50:05
AZE,2018,47,8451,8343,63,Battles,acled,2026-04-20 19:50:05
KAZ,2018,3,186,3,165,Protests,acled,2026-04-20 19:50:05
KGZ,2018,4,194,2,161,Protests,acled,2026-04-20 19:50:05
TJK,2018,64,29,0,10,Violence against civilians,acled,2026-04-20 19:50:05
TKM,2018,25,7,1,3,Violence against civilians,acled,2026-04-20 19:50:05
UZB,2018,2,29,0,14,Violence against civilians,acled,2026-04-20 19:50:05
NER,2018,506,168,40,29,Violence against civilians,acled,2026-04-20 19:50:05
SAU,2018,1514,862,208,3,Explosions/Remote violence,acled,2026-04-20 19:50:05
ROU,2018,0,559,0,554,Protests,acled,2026-04-20 19:50:05
DJI,2018,0,3,0,1,Strategic developments,acled,2026-04-20 19:50:05
GNQ,2018,4,8,2,0,Violence against civilians,acled,2026-04-20 19:50:05
LBY,2018,1226,797,253,131,Battles,acled,2026-04-20 19:50:05
GMB,2018,3,12,1,10,Riots,acled,2026-04-20 19:50:05
AFG,2018,43264,14135,9551,227,Battles,acled,2026-04-20 19:50:05
BWA,2018,2,12,0,12,Protests,acled,2026-04-20 19:50:05
CHN,2018,42,3706,3,2574,Protests,acled,2026-04-20 19:50:05
KOR,2018,0,4023,0,4021,Protests,acled,2026-04-20 19:50:05
TWN,2018,0,683,0,681,Protests,acled,2026-04-20 19:50:05
PRK,2018,0,29,0,0,Strategic developments,acled,2026-04-20 19:50:05
MNG,2018,1,73,0,66,Protests,acled,2026-04-20 19:50:05
CUB,2018,0,20,0,14,Protests,acled,2026-04-20 19:50:05
GRD,2018,0,10,0,10,Protests,acled,2026-04-20 19:50:05
GTM,2018,800,1111,492,242,Battles,acled,2026-04-20 19:50:05
GUY,2018,1,104,1,99,Protests,acled,2026-04-20 19:50:05
HND,2018,793,1253,77,544,Violence against civilians,acled,2026-04-20 19:50:05
JAM,2018,224,235,58,35,Violence against civilians,acled,2026-04-20 19:50:05
NIC,2018,356,1046,2,989,Protests,acled,2026-04-20 19:50:05
PAN,2018,2,534,0,531,Protests,acled,2026-04-20 19:50:05
PRI,2018,125,238,21,91,Violence against civilians,acled,2026-04-20 19:50:05
SLV,2018,962,977,349,167,Violence against civilians,acled,2026-04-20 19:50:05
SUR,2018,1,35,1,28,Protests,acled,2026-04-20 19:50:05
TTO,2018,243,415,70,122,Violence against civilians,acled,2026-04-20 19:50:05
GUF,2018,0,46,0,44,Protests,acled,2026-04-20 19:50:05
GLP,2018,1,45,0,44,Protests,acled,2026-04-20 19:50:05
HTI,2018,296,533,61,361,Protests,acled,2026-04-20 19:50:05
BLZ,2018,91,200,39,34,Violence against civilians,acled,2026-04-20 19:50:05
CRI,2018,2,320,0,319,Protests,acled,2026-04-20 19:50:05
BHS,2018,0,25,0,22,Protests,acled,2026-04-20 19:50:05
BES,2018,0,4,0,4,Protests,acled,2026-04-20 19:50:05
SXM,2018,0,1,0,1,Protests,acled,2026-04-20 19:50:05
CUW,2018,0,9,0,8,Protests,acled,2026-04-20 19:50:05
DOM,2018,21,103,3,76,Protests,acled,2026-04-20 19:50:05
DMA,2018,0,11,0,11,Protests,acled,2026-04-20 19:50:05
BRB,2018,0,3,1,2,Protests,acled,2026-04-20 19:50:05
KNA,2018,1,4,0,2,Protests,acled,2026-04-20 19:50:05
ARG,2018,27,2130,0,2060,Protests,acled,2026-04-20 19:50:05
BOL,2018,26,335,7,325,Protests,acled,2026-04-20 19:50:05
BRA,2018,7373,18058,4632,7516,Protests,acled,2026-04-20 19:50:05
CHL,2018,4,1486,16,1315,Protests,acled,2026-04-20 19:50:05
COL,2018,1503,2798,535,528,Violence against civilians,acled,2026-04-20 19:50:05
PER,2018,19,419,5,403,Protests,acled,2026-04-20 19:50:05
VEN,2018,3221,4271,1037,2285,Protests,acled,2026-04-20 19:50:05
PRY,2018,6,303,3,289,Protests,acled,2026-04-20 19:50:05
URY,2018,0,54,0,52,Protests,acled,2026-04-20 19:50:05
MEX,2018,9595,13050,1563,5103,Violence against civilians,acled,2026-04-20 19:50:05
ETH,2018,1579,889,140,381,Protests,acled,2026-04-20 19:50:05
COD,2018,3297,1997,679,262,Violence against civilians,acled,2026-04-20 19:50:05
JPN,2018,0,1676,0,1667,Protests,acled,2026-04-20 19:50:05
MKD,2018,1,91,1,84,Protests,acled,2026-04-20 19:50:05
MTQ,2018,0,55,0,55,Protests,acled,2026-04-20 19:50:05
ZWE,2018,27,363,9,178,Violence against civilians,acled,2026-04-20 19:50:05
THA,2018,117,507,88,169,Protests,acled,2026-04-20 19:50:05
ECU,2018,14,181,1,172,Protests,acled,2026-04-20 19:50:05
CMR,2018,1664,824,303,40,Violence against civilians,acled,2026-04-20 19:50:05
MDG,2018,142,121,30,52,Violence against civilians,acled,2026-04-20 19:50:05
TZA,2018,41,55,4,26,Violence against civilians,acled,2026-04-20 19:50:05
GEO,2018,3,756,0,725,Protests,acled,2026-04-20 19:50:05
BFA,2018,303,402,79,115,Violence against civilians,acled,2026-04-20 19:50:05
MOZ,2018,212,145,17,32,Violence against civilians,acled,2026-04-20 19:50:05
CAF,2018,1171,632,216,47,Violence against civilians,acled,2026-04-20 19:50:05
SEN,2018,29,88,6,73,Protests,acled,2026-04-20 19:50:05
NAM,2018,1,33,0,33,Protests,acled,2026-04-20 19:50:05
BEN,2018,31,40,3,20,Violence against civilians,acled,2026-04-20 19:50:05
OMN,2018,0,4,0,3,Protests,acled,2026-04-20 19:50:05
GIN,2018,40,141,7,115,Protests,acled,2026-04-20 19:50:05
MNE,2018,2,101,0,79,Protests,acled,2026-04-20 19:50:05
LSO,2018,0,3,0,1,Strategic developments,acled,2026-04-20 19:50:05
HRV,2018,0,183,0,167,Protests,acled,2026-04-20 19:50:05
GHA,2018,23,101,14,62,Protests,acled,2026-04-20 19:50:05
ARE,2018,0,2,0,1,Protests,acled,2026-04-20 19:50:05
UGA,2018,146,366,18,207,Riots,acled,2026-04-20 19:50:05
CIV,2018,16,74,13,45,Riots,acled,2026-04-20 19:50:05
TCA,2018,0,6,0,2,Strategic developments,acled,2026-04-20 19:50:05
LKA,2018,26,589,8,515,Protests,acled,2026-04-20 19:50:05
TGO,2018,6,47,1,44,Protests,acled,2026-04-20 19:50:05
ATG,2018,0,24,0,23,Protests,acled,2026-04-20 19:50:05
SYR,2018,30226,20866,4273,554,Explosions/Remote violence,acled,2026-04-20 19:50:05
LCA,2018,0,1,0,1,Protests,acled,2026-04-20 19:50:05
ABW,2018,0,3,0,3,Protests,acled,2026-04-20 19:50:05
VGB,2018,0,2,0,2,Protests,acled,2026-04-20 19:50:05
GAB,2019,6,47,2,38,Protests,acled,2026-04-20 19:50:05
LBR,2019,11,80,0,71,Protests,acled,2026-04-20 19:50:05
KEN,2019,377,507,50,314,Protests,acled,2026-04-20 19:50:05
AGO,2019,24,65,1,48,Protests,acled,2026-04-20 19:50:05
IND,2019,1510,23605,1011,20959,Protests,acled,2026-04-20 19:50:05
SLE,2019,13,125,9,82,Riots,acled,2026-04-20 19:50:05
EGY,2019,1003,705,135,116,Explosions/Remote violence,acled,2026-04-20 19:50:05
ZMB,2019,11,38,3,19,Riots,acled,2026-04-20 19:50:05
TUN,2019,30,1461,22,1386,Protests,acled,2026-04-20 19:50:05
GRC,2019,7,872,1,749,Protests,acled,2026-04-20 19:50:05
UKR,2019,412,16577,7872,1558,Battles,acled,2026-04-20 19:50:05
MAR,2019,6,877,3,858,Protests,acled,2026-04-20 19:50:05
IRQ,2019,3502,3712,741,1225,Explosions/Remote violence,acled,2026-04-20 19:50:05
ISR,2019,11,837,7,509,Protests,acled,2026-04-20 19:50:05
TUR,2019,559,4733,490,3188,Protests,acled,2026-04-20 19:50:05
LBN,2019,25,3598,37,3426,Protests,acled,2026-04-20 19:50:05
NGA,2019,5952,2440,620,815,Violence against civilians,acled,2026-04-20 19:50:05
JOR,2019,25,841,19,772,Protests,acled,2026-04-20 19:50:05
SRB,2019,1,1066,1,1022,Protests,acled,2026-04-20 19:50:05
BIH,2019,1,186,0,151,Protests,acled,2026-04-20 19:50:05
MMR,2019,1647,1862,755,475,Battles,acled,2026-04-20 19:50:05
PAK,2019,1148,7675,396,6552,Protests,acled,2026-04-20 19:50:05
PHL,2019,1730,1943,414,334,Violence against civilians,acled,2026-04-20 19:50:05
SWZ,2019,3,31,0,26,Protests,acled,2026-04-20 19:50:05
MWI,2019,27,119,0,108,Riots,acled,2026-04-20 19:50:05
ZAF,2019,199,1606,6,1519,Protests,acled,2026-04-20 19:50:05
QAT,2019,0,4,0,4,Protests,acled,2026-04-20 19:50:05
KHM,2019,5,98,2,74,Protests,acled,2026-04-20 19:50:05
BDI,2019,305,803,82,97,Violence against civilians,acled,2026-04-20 19:50:05
NPL,2019,49,3231,19,2742,Protests,acled,2026-04-20 19:50:05
LSO,2019,6,11,1,8,Protests,acled,2026-04-20 19:50:05
MYS,2019,15,224,2,183,Protests,acled,2026-04-20 19:50:05
VNM,2019,1,58,1,36,Protests,acled,2026-04-20 19:50:05
IDN,2019,202,1631,53,1371,Protests,acled,2026-04-20 19:50:05
MDA,2019,0,240,1,185,Protests,acled,2026-04-20 19:50:05
DZA,2019,22,2155,7,2099,Protests,acled,2026-04-20 19:50:05
GMB,2019,2,18,3,12,Protests,acled,2026-04-20 19:50:05
PSE,2019,183,5226,94,2883,Riots,acled,2026-04-20 19:50:05
IRN,2019,478,2602,34,2445,Protests,acled,2026-04-20 19:50:05
RUS,2019,46,2116,22,2026,Protests,acled,2026-04-20 19:50:05
ALB,2019,0,354,0,336,Protests,acled,2026-04-20 19:50:05
BLR,2019,0,186,0,170,Protests,acled,2026-04-20 19:50:05
YEM,2019,28011,11851,3635,424,Explosions/Remote violence,acled,2026-04-20 19:50:05
SDN,2019,776,1584,102,1167,Protests,acled,2026-04-20 19:50:05
SOM,2019,5048,3135,1428,108,Battles,acled,2026-04-20 19:50:05
TCD,2019,565,211,51,61,Battles,acled,2026-04-20 19:50:05
BGD,2019,391,1736,101,1349,Protests,acled,2026-04-20 19:50:05
BHR,2019,1,717,0,703,Protests,acled,2026-04-20 19:50:05
SSD,2019,1801,569,198,32,Violence against civilians,acled,2026-04-20 19:50:05
KWT,2019,0,22,0,22,Protests,acled,2026-04-20 19:50:05
LAO,2019,2,4,0,0,Strategic developments,acled,2026-04-20 19:50:05
DJI,2019,4,18,1,8,Violence against civilians,acled,2026-04-20 19:50:05
BWA,2019,0,12,0,12,Protests,acled,2026-04-20 19:50:05
KAZ,2019,7,561,2,517,Protests,acled,2026-04-20 19:50:05
TJK,2019,66,40,2,14,Violence against civilians,acled,2026-04-20 19:50:05
TKM,2019,8,15,3,3,Violence against civilians,acled,2026-04-20 19:50:05
KGZ,2019,8,286,6,241,Protests,acled,2026-04-20 19:50:05
ROU,2019,1,602,0,579,Protests,acled,2026-04-20 19:50:05
RWA,2019,85,53,8,2,Violence against civilians,acled,2026-04-20 19:50:05
UZB,2019,3,84,0,57,Protests,acled,2026-04-20 19:50:05
COG,2019,2,18,0,14,Protests,acled,2026-04-20 19:50:05
AZE,2019,14,4465,4375,59,Battles,acled,2026-04-20 19:50:05
ARM,2019,2,1685,1259,320,Battles,acled,2026-04-20 19:50:05
MRT,2019,3,128,0,125,Protests,acled,2026-04-20 19:50:05
CIV,2019,46,226,12,188,Protests,acled,2026-04-20 19:50:05
GIN,2019,46,245,5,204,Protests,acled,2026-04-20 19:50:05
HRV,2019,3,233,0,211,Protests,acled,2026-04-20 19:50:05
ARE,2019,0,2,0,1,Protests,acled,2026-04-20 19:50:05
TGO,2019,9,29,5,12,Protests,acled,2026-04-20 19:50:05
LBY,2019,2294,1472,497,139,Explosions/Remote violence,acled,2026-04-20 19:50:05
SEN,2019,4,52,1,45,Protests,acled,2026-04-20 19:50:05
BFA,2019,2220,892,213,163,Violence against civilians,acled,2026-04-20 19:50:05
ERI,2019,0,4,0,0,Strategic developments,acled,2026-04-20 19:50:05
AFG,2019,41608,13908,9185,62,Battles,acled,2026-04-20 19:50:05
ARG,2019,24,1278,1,1236,Protests,acled,2026-04-20 19:50:05
BOL,2019,36,628,0,617,Protests,acled,2026-04-20 19:50:05
BRA,2019,5761,12674,3726,3926,Battles,acled,2026-04-20 19:50:05
CHL,2019,44,3405,5,3151,Protests,acled,2026-04-20 19:50:05
COL,2019,1430,2940,514,819,Violence against civilians,acled,2026-04-20 19:50:05
CRI,2019,10,384,1,362,Protests,acled,2026-04-20 19:50:05
GTM,2019,1115,1595,548,445,Battles,acled,2026-04-20 19:50:05
HND,2019,1016,1757,125,855,Violence against civilians,acled,2026-04-20 19:50:05
NIC,2019,29,317,1,229,Protests,acled,2026-04-20 19:50:05
PRY,2019,25,588,5,562,Protests,acled,2026-04-20 19:50:05
PRI,2019,150,230,28,64,Violence against civilians,acled,2026-04-20 19:50:05
SLV,2019,899,950,332,111,Violence against civilians,acled,2026-04-20 19:50:05
VEN,2019,3378,5317,1045,2910,Protests,acled,2026-04-20 19:50:05
PAN,2019,2,384,1,374,Protests,acled,2026-04-20 19:50:05
BLZ,2019,104,204,30,34,Violence against civilians,acled,2026-04-20 19:50:05
CUB,2019,2,29,0,18,Protests,acled,2026-04-20 19:50:05
PER,2019,32,752,5,717,Protests,acled,2026-04-20 19:50:05
DMA,2019,1,19,0,18,Protests,acled,2026-04-20 19:50:05
DOM,2019,18,50,1,33,Protests,acled,2026-04-20 19:50:05
URY,2019,3,63,0,58,Protests,acled,2026-04-20 19:50:05
GUY,2019,2,52,0,50,Protests,acled,2026-04-20 19:50:05
HTI,2019,488,1185,120,827,Riots,acled,2026-04-20 19:50:05
JAM,2019,281,313,56,27,Violence against civilians,acled,2026-04-20 19:50:05
TTO,2019,181,279,37,53,Violence against civilians,acled,2026-04-20 19:50:05
GRD,2019,0,1,0,1,Protests,acled,2026-04-20 19:50:05
BHS,2019,0,17,1,6,Strategic developments,acled,2026-04-20 19:50:05
SUR,2019,7,12,0,8,Protests,acled,2026-04-20 19:50:05
SAU,2019,1043,298,79,2,Explosions/Remote violence,acled,2026-04-20 19:50:05
SXM,2019,0,2,0,1,Protests,acled,2026-04-20 19:50:05
CYP,2019,1,215,0,186,Protests,acled,2026-04-20 19:50:05
CHN,2019,15,3760,1,2711,Protests,acled,2026-04-20 19:50:05
KOR,2019,0,5515,0,5511,Protests,acled,2026-04-20 19:50:05
MNG,2019,0,94,0,85,Protests,acled,2026-04-20 19:50:05
TWN,2019,0,831,0,828,Protests,acled,2026-04-20 19:50:05
PRK,2019,12,38,0,1,Strategic developments,acled,2026-04-20 19:50:05
MLI,2019,1875,822,185,151,Violence against civilians,acled,2026-04-20 19:50:05
MEX,2019,9243,13372,1535,5632,Violence against civilians,acled,2026-04-20 19:50:05
ETH,2019,670,317,45,197,Protests,acled,2026-04-20 19:50:05
COD,2019,4562,3617,959,757,Violence against civilians,acled,2026-04-20 19:50:05
JPN,2019,0,1335,0,1326,Protests,acled,2026-04-20 19:50:05
MNE,2019,0,146,0,125,Protests,acled,2026-04-20 19:50:05
ZWE,2019,42,197,5,113,Violence against civilians,acled,2026-04-20 19:50:05
MKD,2019,0,197,0,183,Protests,acled,2026-04-20 19:50:05
THA,2019,174,569,80,193,Protests,acled,2026-04-20 19:50:05
ECU,2019,12,421,1,405,Protests,acled,2026-04-20 19:50:05
GEO,2019,3,878,3,850,Protests,acled,2026-04-20 19:50:05
CMR,2019,1302,879,253,60,Violence against civilians,acled,2026-04-20 19:50:05
NER,2019,729,371,47,42,Violence against civilians,acled,2026-04-20 19:50:05
CAF,2019,596,309,75,54,Violence against civilians,acled,2026-04-20 19:50:05
MDG,2019,351,332,131,81,Battles,acled,2026-04-20 19:50:05
NAM,2019,4,46,0,41,Protests,acled,2026-04-20 19:50:05
MOZ,2019,691,354,42,61,Violence against civilians,acled,2026-04-20 19:50:05
TZA,2019,43,51,2,18,Violence against civilians,acled,2026-04-20 19:50:05
BEN,2019,37,67,7,46,Riots,acled,2026-04-20 19:50:05
CUW,2019,0,9,0,9,Protests,acled,2026-04-20 19:50:05
GNB,2019,1,12,0,10,Protests,acled,2026-04-20 19:50:05
LCA,2019,0,3,0,2,Protests,acled,2026-04-20 19:50:05
MAF,2019,0,6,0,6,Protests,acled,2026-04-20 19:50:05
ABW,2019,0,11,0,11,Protests,acled,2026-04-20 19:50:05
GLP,2019,0,10,0,10,Protests,acled,2026-04-20 19:50:05
CYM,2019,0,7,0,7,Protests,acled,2026-04-20 19:50:05
BGR,2019,0,398,0,386,Protests,acled,2026-04-20 19:50:05
GNQ,2019,1,3,0,1,Violence against civilians,acled,2026-04-20 19:50:05
UGA,2019,163,370,25,241,Riots,acled,2026-04-20 19:50:05
OMN,2019,0,4,0,3,Protests,acled,2026-04-20 19:50:05
LKA,2019,304,949,8,803,Protests,acled,2026-04-20 19:50:05
TCA,2019,0,4,0,2,Strategic developments,acled,2026-04-20 19:50:05
GHA,2019,43,181,23,123,Protests,acled,2026-04-20 19:50:05
ATG,2019,0,10,0,9,Protests,acled,2026-04-20 19:50:05
SYR,2019,15629,20062,2892,396,Explosions/Remote violence,acled,2026-04-20 19:50:05
MTQ,2019,0,15,0,15,Protests,acled,2026-04-20 19:50:05
BES,2019,0,1,0,1,Protests,acled,2026-04-20 19:50:05
VCT,2019,0,1,0,1,Protests,acled,2026-04-20 19:50:05
VGB,2019,0,1,0,1,Protests,acled,2026-04-20 19:50:05
TUR,2020,359,4285,303,2218,Protests,acled,2026-04-20 19:50:05
JOR,2020,16,381,11,343,Protests,acled,2026-04-20 19:50:05
IRN,2020,435,2388,44,2011,Protests,acled,2026-04-20 19:50:05
KHM,2020,12,131,1,101,Protests,acled,2026-04-20 19:50:05
IDN,2020,134,2012,67,1747,Protests,acled,2026-04-20 19:50:05
TUN,2020,15,1774,8,1738,Protests,acled,2026-04-20 19:50:05
DZA,2020,33,2176,14,2123,Protests,acled,2026-04-20 19:50:05
BDI,2020,330,654,65,59,Violence against civilians,acled,2026-04-20 19:50:05
KAZ,2020,21,861,0,833,Protests,acled,2026-04-20 19:50:05
GIN,2020,146,658,19,573,Riots,acled,2026-04-20 19:50:05
GAB,2020,4,36,0,32,Protests,acled,2026-04-20 19:50:05
MAR,2020,4,1385,8,1351,Protests,acled,2026-04-20 19:50:05
AZE,2020,7057,4189,3643,79,Battles,acled,2026-04-20 19:50:05
ARM,2020,27,1585,1108,332,Battles,acled,2026-04-20 19:50:05
MMR,2020,698,1575,508,203,Battles,acled,2026-04-20 19:50:05
VNM,2020,4,20,0,11,Protests,acled,2026-04-20 19:50:05
KGZ,2020,2,343,3,315,Protests,acled,2026-04-20 19:50:05
UZB,2020,4,225,0,199,Protests,acled,2026-04-20 19:50:05
BEN,2020,64,165,21,89,Riots,acled,2026-04-20 19:50:05
GMB,2020,3,29,1,22,Riots,acled,2026-04-20 19:50:05
ZAF,2020,183,1864,3,1754,Protests,acled,2026-04-20 19:50:05
LBY,2020,1562,1414,342,159,Explosions/Remote violence,acled,2026-04-20 19:50:05
MWI,2020,60,249,1,227,Riots,acled,2026-04-20 19:50:05
NGA,2020,8483,3942,1034,1220,Violence against civilians,acled,2026-04-20 19:50:05
SDN,2020,959,1022,147,584,Protests,acled,2026-04-20 19:50:05
SOM,2020,3495,3025,1657,153,Battles,acled,2026-04-20 19:50:05
IND,2020,1336,18083,1126,15968,Protests,acled,2026-04-20 19:50:05
PHL,2020,1506,1759,467,334,Violence against civilians,acled,2026-04-20 19:50:05
TJK,2020,2,28,1,17,Protests,acled,2026-04-20 19:50:05
EGY,2020,626,644,142,118,Explosions/Remote violence,acled,2026-04-20 19:50:05
MRT,2020,4,339,3,327,Protests,acled,2026-04-20 19:50:05
GHA,2020,69,370,25,258,Protests,acled,2026-04-20 19:50:05
BWA,2020,7,14,0,9,Riots,acled,2026-04-20 19:50:05
LSO,2020,6,23,0,12,Violence against civilians,acled,2026-04-20 19:50:05
AFG,2020,31419,10347,6162,152,Battles,acled,2026-04-20 19:50:05
ISR,2020,1,1665,2,1400,Protests,acled,2026-04-20 19:50:05
TGO,2020,14,68,7,40,Protests,acled,2026-04-20 19:50:05
COG,2020,1,15,0,13,Protests,acled,2026-04-20 19:50:05
SWZ,2020,6,36,1,17,Violence against civilians,acled,2026-04-20 19:50:05
TCD,2020,738,159,58,37,Battles,acled,2026-04-20 19:50:05
NPL,2020,37,3223,17,2962,Protests,acled,2026-04-20 19:50:05
UKR,2020,121,9958,3383,1459,Explosions/Remote violence,acled,2026-04-20 19:50:05
ALB,2020,0,226,0,219,Protests,acled,2026-04-20 19:50:05
ARG,2020,24,2947,1,2895,Protests,acled,2026-04-20 19:50:05
BLZ,2020,75,185,26,30,Violence against civilians,acled,2026-04-20 19:50:05
BRA,2020,5690,11348,3241,3092,Battles,acled,2026-04-20 19:50:05
CHL,2020,26,2083,36,1793,Protests,acled,2026-04-20 19:50:05
CUB,2020,3,136,0,58,Violence against civilians,acled,2026-04-20 19:50:05
GTM,2020,573,948,321,240,Violence against civilians,acled,2026-04-20 19:50:05
GUY,2020,6,130,3,111,Riots,acled,2026-04-20 19:50:05
PRY,2020,18,778,6,745,Protests,acled,2026-04-20 19:50:05
PER,2020,45,1233,7,1205,Protests,acled,2026-04-20 19:50:05
PRI,2020,118,187,23,36,Violence against civilians,acled,2026-04-20 19:50:05
VEN,2020,2702,4724,1119,2708,Protests,acled,2026-04-20 19:50:05
CRI,2020,9,630,2,617,Protests,acled,2026-04-20 19:50:05
PAN,2020,4,377,1,365,Protests,acled,2026-04-20 19:50:05
SLV,2020,391,617,141,210,Violence against civilians,acled,2026-04-20 19:50:05
URY,2020,2,64,0,58,Protests,acled,2026-04-20 19:50:05
DMA,2020,0,6,0,5,Protests,acled,2026-04-20 19:50:05
BOL,2020,1,781,0,777,Protests,acled,2026-04-20 19:50:05
HND,2020,727,1339,110,615,Protests,acled,2026-04-20 19:50:05
DOM,2020,10,107,6,66,Protests,acled,2026-04-20 19:50:05
COL,2020,1769,3088,577,839,Violence against civilians,acled,2026-04-20 19:50:05
NIC,2020,28,139,0,75,Protests,acled,2026-04-20 19:50:05
HTI,2020,717,1028,182,456,Violence against civilians,acled,2026-04-20 19:50:05
JAM,2020,266,309,82,46,Violence against civilians,acled,2026-04-20 19:50:05
TTO,2020,162,312,54,95,Violence against civilians,acled,2026-04-20 19:50:05
KNA,2020,0,2,0,1,Protests,acled,2026-04-20 19:50:05
SUR,2020,1,41,0,35,Protests,acled,2026-04-20 19:50:05
SSD,2020,2455,914,401,63,Violence against civilians,acled,2026-04-20 19:50:05
AGO,2020,74,130,3,87,Protests,acled,2026-04-20 19:50:05
GRC,2020,6,941,0,835,Protests,acled,2026-04-20 19:50:05
ROU,2020,3,210,0,198,Protests,acled,2026-04-20 19:50:05
RUS,2020,56,1641,23,1556,Protests,acled,2026-04-20 19:50:05
BGR,2020,0,914,0,902,Protests,acled,2026-04-20 19:50:05
SRB,2020,0,413,0,403,Protests,acled,2026-04-20 19:50:05
CYP,2020,0,270,0,242,Protests,acled,2026-04-20 19:50:05
HRV,2020,0,142,0,134,Protests,acled,2026-04-20 19:50:05
BIH,2020,0,145,0,135,Protests,acled,2026-04-20 19:50:05
BES,2020,0,4,0,3,Protests,acled,2026-04-20 19:50:05
YEM,2020,19795,11911,3969,706,Explosions/Remote violence,acled,2026-04-20 19:50:05
DJI,2020,0,35,1,30,Protests,acled,2026-04-20 19:50:05
MDA,2020,0,304,0,287,Protests,acled,2026-04-20 19:50:05
PAK,2020,934,8866,300,8298,Protests,acled,2026-04-20 19:50:05
BGD,2020,279,1524,21,1293,Protests,acled,2026-04-20 19:50:05
SLE,2020,31,81,8,60,Riots,acled,2026-04-20 19:50:05
CIV,2020,151,463,41,380,Riots,acled,2026-04-20 19:50:05
LBR,2020,2,121,5,94,Protests,acled,2026-04-20 19:50:05
BLR,2020,6,1838,2,1760,Protests,acled,2026-04-20 19:50:05
OMN,2020,0,6,0,0,Strategic developments,acled,2026-04-20 19:50:05
SAU,2020,54,121,6,4,Strategic developments,acled,2026-04-20 19:50:05
KEN,2020,364,596,80,359,Protests,acled,2026-04-20 19:50:05
GNQ,2020,0,7,0,1,Strategic developments,acled,2026-04-20 19:50:05
MLI,2020,2856,1268,424,182,Violence against civilians,acled,2026-04-20 19:50:05
TKM,2020,1,16,1,10,Protests,acled,2026-04-20 19:50:05
GUF,2020,0,17,0,15,Protests,acled,2026-04-20 19:50:05
RWA,2020,63,47,1,2,Violence against civilians,acled,2026-04-20 19:50:05
SXM,2020,0,12,0,9,Protests,acled,2026-04-20 19:50:05
LBN,2020,48,2992,60,2798,Protests,acled,2026-04-20 19:50:05
IRQ,2020,2691,6307,961,2238,Explosions/Remote violence,acled,2026-04-20 19:50:05
GNB,2020,8,22,3,8,Strategic developments,acled,2026-04-20 19:50:05
CUW,2020,0,19,0,15,Protests,acled,2026-04-20 19:50:05
BHR,2020,0,308,0,281,Protests,acled,2026-04-20 19:50:05
CMR,2020,1762,1531,435,192,Violence against civilians,acled,2026-04-20 19:50:05
ERI,2020,1,9,0,0,Explosions/Remote violence,acled,2026-04-20 19:50:05
BHS,2020,4,13,1,6,Protests,acled,2026-04-20 19:50:05
LCA,2020,0,10,0,8,Protests,acled,2026-04-20 19:50:05
KWT,2020,1,21,0,16,Protests,acled,2026-04-20 19:50:05
GRD,2020,0,4,0,2,Strategic developments,acled,2026-04-20 19:50:05
CHN,2020,9,2435,0,1799,Protests,acled,2026-04-20 19:50:05
KOR,2020,0,5027,1,5016,Protests,acled,2026-04-20 19:50:05
MNG,2020,0,76,0,67,Protests,acled,2026-04-20 19:50:05
TWN,2020,0,534,0,533,Protests,acled,2026-04-20 19:50:05
AIA,2020,0,2,0,1,Protests,acled,2026-04-20 19:50:05
MYS,2020,2,88,0,50,Protests,acled,2026-04-20 19:50:05
ZMB,2020,40,101,0,85,Riots,acled,2026-04-20 19:50:05
LAO,2020,2,4,1,1,Battles,acled,2026-04-20 19:50:05
PRK,2020,18,49,0,1,Strategic developments,acled,2026-04-20 19:50:05
PSE,2020,57,5558,112,3095,Riots,acled,2026-04-20 19:50:05
GEO,2020,1,925,3,888,Protests,acled,2026-04-20 19:50:05
QAT,2020,0,7,0,2,Strategic developments,acled,2026-04-20 19:50:05
AND,2020,0,7,0,5,Protests,acled,2026-04-20 19:50:05
CHE,2020,0,171,0,168,Protests,acled,2026-04-20 19:50:05
CZE,2020,0,227,1,222,Protests,acled,2026-04-20 19:50:05
DEU,2020,14,4780,2,4466,Protests,acled,2026-04-20 19:50:05
DNK,2020,1,604,4,588,Protests,acled,2026-04-20 19:50:05
EST,2020,0,141,0,141,Protests,acled,2026-04-20 19:50:05
FIN,2020,1,248,0,222,Protests,acled,2026-04-20 19:50:05
FRA,2020,9,5552,2,5470,Protests,acled,2026-04-20 19:50:05
GBR,2020,5,2364,2,2310,Protests,acled,2026-04-20 19:50:05
GRL,2020,0,2,0,2,Protests,acled,2026-04-20 19:50:05
HUN,2020,0,208,0,202,Protests,acled,2026-04-20 19:50:05
IMN,2020,0,7,0,7,Protests,acled,2026-04-20 19:50:05
IRL,2020,0,300,1,291,Protests,acled,2026-04-20 19:50:05
ITA,2020,0,5956,0,5778,Protests,acled,2026-04-20 19:50:05
LVA,2020,0,70,0,69,Protests,acled,2026-04-20 19:50:05
NOR,2020,1,322,0,304,Protests,acled,2026-04-20 19:50:05
POL,2020,0,1846,0,1838,Protests,acled,2026-04-20 19:50:05
PRT,2020,2,373,0,368,Protests,acled,2026-04-20 19:50:05
SVK,2020,0,152,0,146,Protests,acled,2026-04-20 19:50:05
SVN,2020,0,135,0,133,Protests,acled,2026-04-20 19:50:05
SWE,2020,1,976,1,933,Protests,acled,2026-04-20 19:50:05
ESP,2020,1,3497,0,3479,Protests,acled,2026-04-20 19:50:05
LTU,2020,0,61,0,59,Protests,acled,2026-04-20 19:50:05
NLD,2020,1,841,0,802,Protests,acled,2026-04-20 19:50:05
MCO,2020,0,3,0,2,Protests,acled,2026-04-20 19:50:05
VAT,2020,0,3,0,2,Protests,acled,2026-04-20 19:50:05
BEL,2020,0,815,0,807,Protests,acled,2026-04-20 19:50:05
LUX,2020,0,37,0,36,Protests,acled,2026-04-20 19:50:05
FRO,2020,0,2,0,2,Riots,acled,2026-04-20 19:50:05
ISL,2020,3,32,0,30,Protests,acled,2026-04-20 19:50:05
USA,2020,103,23238,10,22407,Protests,acled,2026-04-20 19:50:05
MEX,2020,8393,13595,1273,6419,Protests,acled,2026-04-20 19:50:05
ETH,2020,4364,718,348,126,Battles,acled,2026-04-20 19:50:05
SMR,2020,0,5,0,2,Strategic developments,acled,2026-04-20 19:50:05
NER,2020,1126,550,106,36,Violence against civilians,acled,2026-04-20 19:50:05
JPN,2020,0,1566,0,1550,Protests,acled,2026-04-20 19:50:05
COD,2020,6762,4537,1437,864,Violence against civilians,acled,2026-04-20 19:50:05
MNE,2020,0,357,0,355,Protests,acled,2026-04-20 19:50:05
ZWE,2020,22,167,5,93,Violence against civilians,acled,2026-04-20 19:50:05
MKD,2020,0,234,0,225,Protests,acled,2026-04-20 19:50:05
THA,2020,104,1077,47,833,Protests,acled,2026-04-20 19:50:05
ECU,2020,30,441,1,432,Protests,acled,2026-04-20 19:50:05
CAF,2020,449,584,132,62,Violence against civilians,acled,2026-04-20 19:50:05
BFA,2020,2304,877,243,96,Violence against civilians,acled,2026-04-20 19:50:05
TZA,2020,51,66,2,20,Violence against civilians,acled,2026-04-20 19:50:05
NAM,2020,0,92,0,87,Protests,acled,2026-04-20 19:50:05
MOZ,2020,1773,662,127,42,Violence against civilians,acled,2026-04-20 19:50:05
MDG,2020,358,318,118,84,Battles,acled,2026-04-20 19:50:05
SEN,2020,3,94,5,76,Protests,acled,2026-04-20 19:50:05
CPV,2020,0,60,0,58,Protests,acled,2026-04-20 19:50:05
SYC,2020,0,11,0,8,Protests,acled,2026-04-20 19:50:05
MDV,2020,0,61,0,58,Protests,acled,2026-04-20 19:50:05
STP,2020,0,2,0,2,Protests,acled,2026-04-20 19:50:05
BTN,2020,0,3,0,1,Protests,acled,2026-04-20 19:50:05
MUS,2020,2,64,0,56,Protests,acled,2026-04-20 19:50:05
SGP,2020,0,10,0,2,Strategic developments,acled,2026-04-20 19:50:05
FLK,2020,0,1,0,0,Strategic developments,acled,2026-04-20 19:50:05
BRB,2020,2,10,0,8,Protests,acled,2026-04-20 19:50:05
TLS,2020,0,20,1,11,Protests,acled,2026-04-20 19:50:05
ARE,2020,2,4,0,0,Strategic developments,acled,2026-04-20 19:50:05
UGA,2020,299,692,73,373,Riots,acled,2026-04-20 19:50:05
TCA,2020,0,10,0,2,Strategic developments,acled,2026-04-20 19:50:05
LKA,2020,35,529,0,473,Protests,acled,2026-04-20 19:50:05
AUT,2020,6,366,0,351,Protests,acled,2026-04-20 19:50:05
REU,2020,0,72,0,72,Protests,acled,2026-04-20 19:50:05
VCT,2020,2,1,1,0,Battles,acled,2026-04-20 19:50:05
MSR,2020,0,1,0,0,Strategic developments,acled,2026-04-20 19:50:05
VIR,2020,0,1,0,1,Riots,acled,2026-04-20 19:50:05
COM,2020,2,24,1,16,Protests,acled,2026-04-20 19:50:05
ATG,2020,2,12,0,7,Protests,acled,2026-04-20 19:50:05
MYT,2020,0,18,0,18,Protests,acled,2026-04-20 19:50:05
SYR,2020,8449,12454,2584,536,Explosions/Remote violence,acled,2026-04-20 19:50:05
LIE,2020,0,3,0,2,Protests,acled,2026-04-20 19:50:05
MLT,2020,0,56,0,48,Protests,acled,2026-04-20 19:50:05
BRN,2020,0,1,0,0,Strategic developments,acled,2026-04-20 19:50:05
GLP,2020,1,29,0,28,Protests,acled,2026-04-20 19:50:05
MTQ,2020,0,32,0,32,Protests,acled,2026-04-20 19:50:05
JEY,2020,0,5,0,5,Protests,acled,2026-04-20 19:50:05
GGY,2020,0,6,0,6,Protests,acled,2026-04-20 19:50:05
SHN,2020,0,2,0,2,Protests,acled,2026-04-20 19:50:05
ABW,2020,0,7,0,5,Protests,acled,2026-04-20 19:50:05
MAF,2020,0,7,0,6,Protests,acled,2026-04-20 19:50:05
CYM,2020,0,11,0,10,Protests,acled,2026-04-20 19:50:05
VGB,2020,0,1,0,1,Protests,acled,2026-04-20 19:50:05
GIB,2020,0,1,0,1,Protests,acled,2026-04-20 19:50:05
LBN,2021,74,3214,74,2998,Protests,acled,2026-04-20 19:50:05
TUR,2021,213,4756,161,3045,Protests,acled,2026-04-20 19:50:05
IRN,2021,220,4294,50,4018,Protests,acled,2026-04-20 19:50:05
HND,2021,710,1508,67,814,Protests,acled,2026-04-20 19:50:05
PAN,2021,5,508,0,497,Protests,acled,2026-04-20 19:50:05
CUB,2021,1,345,0,160,Protests,acled,2026-04-20 19:50:05
SLV,2021,436,786,168,283,Violence against civilians,acled,2026-04-20 19:50:05
PRI,2021,180,364,42,133,Violence against civilians,acled,2026-04-20 19:50:05
NIC,2021,35,120,4,27,Strategic developments,acled,2026-04-20 19:50:05
TTO,2021,186,385,37,128,Violence against civilians,acled,2026-04-20 19:50:05
YEM,2021,18408,8849,2799,842,Explosions/Remote violence,acled,2026-04-20 19:50:05
IRQ,2021,2600,7613,1537,1764,Explosions/Remote violence,acled,2026-04-20 19:50:05
KAZ,2021,3,1044,1,997,Protests,acled,2026-04-20 19:50:05
UZB,2021,4,284,0,256,Protests,acled,2026-04-20 19:50:05
AFG,2021,42714,9815,5918,238,Battles,acled,2026-04-20 19:50:05
KGZ,2021,32,534,9,479,Protests,acled,2026-04-20 19:50:05
BRA,2021,6359,12965,3538,4653,Protests,acled,2026-04-20 19:50:05
VEN,2021,1793,3497,871,2006,Protests,acled,2026-04-20 19:50:05
PRY,2021,43,1342,8,1281,Protests,acled,2026-04-20 19:50:05
PER,2021,25,1394,2,1383,Protests,acled,2026-04-20 19:50:05
ARG,2021,19,3042,0,2996,Protests,acled,2026-04-20 19:50:05
BOL,2021,8,1004,2,997,Protests,acled,2026-04-20 19:50:05
COL,2021,2115,5572,662,2960,Protests,acled,2026-04-20 19:50:05
DZA,2021,25,1818,7,1797,Protests,acled,2026-04-20 19:50:05
CIV,2021,51,240,20,176,Riots,acled,2026-04-20 19:50:05
DJI,2021,5,30,5,20,Protests,acled,2026-04-20 19:50:05
MWI,2021,44,219,0,199,Riots,acled,2026-04-20 19:50:05
NGA,2021,10969,4598,1329,1132,Violence against civilians,acled,2026-04-20 19:50:05
SSD,2021,3725,1961,697,90,Violence against civilians,acled,2026-04-20 19:50:05
TUN,2021,19,1352,5,1322,Protests,acled,2026-04-20 19:50:05
MAR,2021,47,1641,5,1608,Protests,acled,2026-04-20 19:50:05
TCD,2021,831,251,64,116,Protests,acled,2026-04-20 19:50:05
BDI,2021,305,607,49,53,Violence against civilians,acled,2026-04-20 19:50:05
SOM,2021,3425,3202,2099,91,Battles,acled,2026-04-20 19:50:05
ZAF,2021,329,1981,6,1844,Protests,acled,2026-04-20 19:50:05
KEN,2021,506,657,86,402,Riots,acled,2026-04-20 19:50:05
ETH,2021,8546,1909,1040,212,Battles,acled,2026-04-20 19:50:05
GIN,2021,28,227,14,200,Riots,acled,2026-04-20 19:50:05
AGO,2021,150,166,0,150,Protests,acled,2026-04-20 19:50:05
SDN,2021,1657,1596,206,919,Protests,acled,2026-04-20 19:50:05
KOR,2021,0,6378,0,6369,Protests,acled,2026-04-20 19:50:05
TWN,2021,0,1183,0,1181,Protests,acled,2026-04-20 19:50:05
MYS,2021,13,146,3,96,Protests,acled,2026-04-20 19:50:05
CHN,2021,13,1932,2,1533,Protests,acled,2026-04-20 19:50:05
IDN,2021,138,2254,110,1915,Protests,acled,2026-04-20 19:50:05
ALB,2021,1,175,1,160,Protests,acled,2026-04-20 19:50:05
BGR,2021,0,506,0,494,Protests,acled,2026-04-20 19:50:05
BLR,2021,5,1491,1,1395,Protests,acled,2026-04-20 19:50:05
GRC,2021,7,769,4,692,Protests,acled,2026-04-20 19:50:05
UKR,2021,149,8610,2413,1225,Explosions/Remote violence,acled,2026-04-20 19:50:05
RUS,2021,26,1825,8,1595,Protests,acled,2026-04-20 19:50:05
BIH,2021,0,145,0,140,Protests,acled,2026-04-20 19:50:05
MDA,2021,0,223,1,202,Protests,acled,2026-04-20 19:50:05
CYP,2021,0,364,1,341,Protests,acled,2026-04-20 19:50:05
BGD,2021,357,2594,32,2350,Protests,acled,2026-04-20 19:50:05
IND,2021,1019,18016,416,16645,Protests,acled,2026-04-20 19:50:05
NPL,2021,10,3309,0,3238,Protests,acled,2026-04-20 19:50:05
PAK,2021,1405,7983,374,7158,Protests,acled,2026-04-20 19:50:05
CZE,2021,1,260,0,257,Protests,acled,2026-04-20 19:50:05
FRA,2021,4,8736,5,8651,Protests,acled,2026-04-20 19:50:05
SVN,2021,0,144,0,141,Protests,acled,2026-04-20 19:50:05
ESP,2021,4,4769,1,4736,Protests,acled,2026-04-20 19:50:05
AND,2021,0,6,0,6,Protests,acled,2026-04-20 19:50:05
PRT,2021,0,622,0,620,Protests,acled,2026-04-20 19:50:05
SVK,2021,0,110,0,108,Protests,acled,2026-04-20 19:50:05
DEU,2021,9,4631,0,4429,Protests,acled,2026-04-20 19:50:05
POL,2021,9,1923,0,1896,Protests,acled,2026-04-20 19:50:05
EST,2021,1,116,0,114,Protests,acled,2026-04-20 19:50:05
CHL,2021,20,1642,52,1257,Protests,acled,2026-04-20 19:50:05
JOR,2021,9,404,11,378,Protests,acled,2026-04-20 19:50:05
GUY,2021,1,48,1,43,Protests,acled,2026-04-20 19:50:05
EGY,2021,264,313,80,42,Explosions/Remote violence,acled,2026-04-20 19:50:05
GAB,2021,4,46,1,39,Protests,acled,2026-04-20 19:50:05
COG,2021,10,32,1,23,Protests,acled,2026-04-20 19:50:05
RWA,2021,31,33,7,3,Violence against civilians,acled,2026-04-20 19:50:05
SWZ,2021,46,186,1,154,Protests,acled,2026-04-20 19:50:05
MMR,2021,11793,18914,2443,7799,Protests,acled,2026-04-20 19:50:05
MNG,2021,0,143,0,127,Protests,acled,2026-04-20 19:50:05
ITA,2021,1,7691,0,7545,Protests,acled,2026-04-20 19:50:05
GBR,2021,5,1730,0,1691,Protests,acled,2026-04-20 19:50:05
NOR,2021,0,313,0,311,Protests,acled,2026-04-20 19:50:05
ROU,2021,0,473,0,464,Protests,acled,2026-04-20 19:50:05
FIN,2021,1,269,0,264,Protests,acled,2026-04-20 19:50:05
SRB,2021,1,396,0,383,Protests,acled,2026-04-20 19:50:05
HRV,2021,1,188,0,179,Protests,acled,2026-04-20 19:50:05
DNK,2021,0,850,0,833,Protests,acled,2026-04-20 19:50:05
MRT,2021,1,282,0,277,Protests,acled,2026-04-20 19:50:05
SLE,2021,2,28,1,24,Riots,acled,2026-04-20 19:50:05
TGO,2021,4,34,1,30,Protests,acled,2026-04-20 19:50:05
ARM,2021,24,495,95,381,Protests,acled,2026-04-20 19:50:05
JAM,2021,302,361,64,78,Violence against civilians,acled,2026-04-20 19:50:05
SWE,2021,0,1252,0,1247,Protests,acled,2026-04-20 19:50:05
AZE,2021,33,332,139,117,Battles,acled,2026-04-20 19:50:05
LBY,2021,115,264,42,134,Protests,acled,2026-04-20 19:50:05
MCO,2021,0,6,0,6,Protests,acled,2026-04-20 19:50:05
USA,2021,136,14098,4,13361,Protests,acled,2026-04-20 19:50:05
MEX,2021,8269,14450,1182,6969,Protests,acled,2026-04-20 19:50:05
SAU,2021,20,241,0,1,Strategic developments,acled,2026-04-20 19:50:05
BLZ,2021,67,218,23,78,Violence against civilians,acled,2026-04-20 19:50:05
GTM,2021,673,1442,358,731,Protests,acled,2026-04-20 19:50:05
BHS,2021,2,25,0,14,Protests,acled,2026-04-20 19:50:05
ZMB,2021,16,113,2,89,Riots,acled,2026-04-20 19:50:05
GHA,2021,51,213,14,157,Protests,acled,2026-04-20 19:50:05
LBR,2021,7,54,1,45,Protests,acled,2026-04-20 19:50:05
ERI,2021,0,4,0,0,Strategic developments,acled,2026-04-20 19:50:05
HUN,2021,0,140,0,128,Protests,acled,2026-04-20 19:50:05
GMB,2021,1,27,2,21,Riots,acled,2026-04-20 19:50:05
BES,2021,0,3,0,3,Protests,acled,2026-04-20 19:50:05
DOM,2021,3,80,0,59,Protests,acled,2026-04-20 19:50:05
PRK,2021,31,106,0,5,Strategic developments,acled,2026-04-20 19:50:05
LVA,2021,0,70,0,63,Protests,acled,2026-04-20 19:50:05
BHR,2021,0,1175,0,1139,Protests,acled,2026-04-20 19:50:05
AIA,2021,0,1,0,1,Protests,acled,2026-04-20 19:50:05
LSO,2021,9,29,0,22,Riots,acled,2026-04-20 19:50:05
PHL,2021,1183,1372,368,282,Violence against civilians,acled,2026-04-20 19:50:05
KHM,2021,3,67,0,51,Protests,acled,2026-04-20 19:50:05
PSE,2021,396,7257,174,4761,Riots,acled,2026-04-20 19:50:05
BFA,2021,2374,1868,304,195,Violence against civilians,acled,2026-04-20 19:50:05
MLI,2021,1913,1355,327,153,Violence against civilians,acled,2026-04-20 19:50:05
BEN,2021,93,164,18,99,Riots,acled,2026-04-20 19:50:05
DMA,2021,0,14,0,13,Protests,acled,2026-04-20 19:50:05
BEL,2021,2,851,1,849,Protests,acled,2026-04-20 19:50:05
NLD,2021,1,849,0,831,Protests,acled,2026-04-20 19:50:05
TJK,2021,20,23,5,9,Riots,acled,2026-04-20 19:50:05
SUR,2021,1,43,0,38,Protests,acled,2026-04-20 19:50:05
LTU,2021,0,158,0,151,Protests,acled,2026-04-20 19:50:05
SEN,2021,24,204,10,181,Riots,acled,2026-04-20 19:50:05
CRI,2021,4,225,2,208,Protests,acled,2026-04-20 19:50:05
URY,2021,0,57,0,57,Protests,acled,2026-04-20 19:50:05
IRL,2021,0,220,0,220,Protests,acled,2026-04-20 19:50:05
GRD,2021,0,8,0,8,Protests,acled,2026-04-20 19:50:05
ISR,2021,25,1657,15,1321,Protests,acled,2026-04-20 19:50:05
LAO,2021,1,2,1,1,Battles,acled,2026-04-20 19:50:05
SMR,2021,0,11,0,11,Protests,acled,2026-04-20 19:50:05
JPN,2021,0,1431,0,1429,Protests,acled,2026-04-20 19:50:05
COD,2021,7704,5289,1921,874,Violence against civilians,acled,2026-04-20 19:50:05
MKD,2021,0,191,0,188,Protests,acled,2026-04-20 19:50:05
MNE,2021,0,212,0,205,Protests,acled,2026-04-20 19:50:05
ZWE,2021,25,153,1,105,Riots,acled,2026-04-20 19:50:05
THA,2021,66,1289,46,946,Protests,acled,2026-04-20 19:50:05
ECU,2021,5,529,0,525,Protests,acled,2026-04-20 19:50:05
CHE,2021,0,235,0,230,Protests,acled,2026-04-20 19:50:05
HTI,2021,820,1287,215,536,Violence against civilians,acled,2026-04-20 19:50:05
CUW,2021,0,4,0,3,Protests,acled,2026-04-20 19:50:05
GEO,2021,0,895,0,875,Protests,acled,2026-04-20 19:50:05
CAF,2021,1716,951,216,80,Violence against civilians,acled,2026-04-20 19:50:05
MDG,2021,303,356,87,152,Battles,acled,2026-04-20 19:50:05
CMR,2021,1571,1498,531,162,Battles,acled,2026-04-20 19:50:05
TZA,2021,44,83,5,34,Violence against civilians,acled,2026-04-20 19:50:05
NAM,2021,2,135,0,128,Protests,acled,2026-04-20 19:50:05
NER,2021,1498,431,80,25,Violence against civilians,acled,2026-04-20 19:50:05
MOZ,2021,1830,499,193,36,Battles,acled,2026-04-20 19:50:05
BWA,2021,1,11,0,8,Protests,acled,2026-04-20 19:50:05
QAT,2021,0,19,0,15,Protests,acled,2026-04-20 19:50:05
GNB,2021,0,20,0,17,Protests,acled,2026-04-20 19:50:05
IMN,2021,0,3,0,3,Protests,acled,2026-04-20 19:50:05
VNM,2021,0,3,0,2,Riots,acled,2026-04-20 19:50:05
BTN,2021,0,4,1,1,Strategic developments,acled,2026-04-20 19:50:05
CPV,2021,0,55,0,53,Protests,acled,2026-04-20 19:50:05
MUS,2021,2,121,0,113,Protests,acled,2026-04-20 19:50:05
STP,2021,1,9,0,7,Protests,acled,2026-04-20 19:50:05
MDV,2021,0,61,0,60,Protests,acled,2026-04-20 19:50:05
MYT,2021,1,41,1,39,Protests,acled,2026-04-20 19:50:05
TLS,2021,2,15,0,9,Protests,acled,2026-04-20 19:50:05
SGP,2021,0,4,0,3,Protests,acled,2026-04-20 19:50:05
COM,2021,0,25,0,19,Protests,acled,2026-04-20 19:50:05
AUT,2021,0,587,1,584,Protests,acled,2026-04-20 19:50:05
KWT,2021,0,13,0,11,Protests,acled,2026-04-20 19:50:05
GNQ,2021,108,3,0,1,Protests,acled,2026-04-20 19:50:05
FLK,2021,0,1,0,0,Strategic developments,acled,2026-04-20 19:50:05
SXM,2021,0,6,0,5,Protests,acled,2026-04-20 19:50:05
AUS,2021,0,727,1,713,Protests,acled,2026-04-20 19:50:05
CAN,2021,9,1785,1,1731,Protests,acled,2026-04-20 19:50:05
CXR,2021,0,1,0,1,Riots,acled,2026-04-20 19:50:05
FJI,2021,0,17,0,13,Protests,acled,2026-04-20 19:50:05
NZL,2021,1,242,0,237,Protests,acled,2026-04-20 19:50:05
PNG,2021,242,170,8,128,Riots,acled,2026-04-20 19:50:05
SLB,2021,7,34,0,16,Strategic developments,acled,2026-04-20 19:50:05
VUT,2021,0,3,0,3,Protests,acled,2026-04-20 19:50:05
WSM,2021,0,18,0,13,Protests,acled,2026-04-20 19:50:05
NCL,2021,0,24,0,19,Protests,acled,2026-04-20 19:50:05
MNP,2021,0,6,0,6,Protests,acled,2026-04-20 19:50:05
PYF,2021,0,49,0,49,Protests,acled,2026-04-20 19:50:05
GRL,2021,0,4,0,3,Protests,acled,2026-04-20 19:50:05
TKM,2021,0,3,0,0,Strategic developments,acled,2026-04-20 19:50:05
TON,2021,0,1,0,1,Protests,acled,2026-04-20 19:50:05
GUM,2021,0,24,0,24,Protests,acled,2026-04-20 19:50:05
ARE,2021,0,4,0,0,Violence against civilians,acled,2026-04-20 19:50:05
ISL,2021,0,34,0,28,Protests,acled,2026-04-20 19:50:05
UGA,2021,507,1165,82,721,Protests,acled,2026-04-20 19:50:05
TCA,2021,0,6,0,1,Strategic developments,acled,2026-04-20 19:50:05
LKA,2021,5,962,0,923,Protests,acled,2026-04-20 19:50:05
GUF,2021,0,68,0,68,Protests,acled,2026-04-20 19:50:05
BMU,2021,0,7,0,6,Protests,acled,2026-04-20 19:50:05
REU,2021,0,115,0,115,Protests,acled,2026-04-20 19:50:05
BRB,2021,0,5,0,3,Protests,acled,2026-04-20 19:50:05
VCT,2021,0,2,0,2,Protests,acled,2026-04-20 19:50:05
LCA,2021,0,4,0,4,Riots,acled,2026-04-20 19:50:05
VIR,2021,0,3,0,3,Protests,acled,2026-04-20 19:50:05
ATG,2021,0,16,0,15,Protests,acled,2026-04-20 19:50:05
SYR,2021,6114,10830,1996,386,Explosions/Remote violence,acled,2026-04-20 19:50:05
JEY,2021,0,8,0,8,Protests,acled,2026-04-20 19:50:05
GLP,2021,0,213,1,211,Protests,acled,2026-04-20 19:50:05
GGY,2021,0,3,0,3,Protests,acled,2026-04-20 19:50:05
LIE,2021,0,6,0,5,Protests,acled,2026-04-20 19:50:05
MLT,2021,0,77,0,77,Protests,acled,2026-04-20 19:50:05
OMN,2021,2,21,0,19,Protests,acled,2026-04-20 19:50:05
WLF,2021,0,8,0,6,Protests,acled,2026-04-20 19:50:05
MTQ,2021,0,117,0,116,Protests,acled,2026-04-20 19:50:05
BLM,2021,0,1,0,1,Protests,acled,2026-04-20 19:50:05
LUX,2021,0,34,0,34,Protests,acled,2026-04-20 19:50:05
ATA,2021,0,4,0,4,Protests,acled,2026-04-20 19:50:05
SYC,2021,0,2,0,2,Protests,acled,2026-04-20 19:50:05
ABW,2021,0,9,0,9,Protests,acled,2026-04-20 19:50:05
MAF,2021,0,30,0,29,Riots,acled,2026-04-20 19:50:05
FSM,2021,0,1,0,0,Strategic developments,acled,2026-04-20 19:50:05
COK,2021,0,1,0,1,Protests,acled,2026-04-20 19:50:05
CYM,2021,0,8,0,8,Protests,acled,2026-04-20 19:50:05
VGB,2021,0,2,0,2,Protests,acled,2026-04-20 19:50:05
ASM,2021,0,2,0,2,Protests,acled,2026-04-20 19:50:05
GIB,2021,0,1,0,1,Protests,acled,2026-04-20 19:50:05
IRN,2022,736,4595,46,4287,Protests,acled,2026-04-20 19:50:05
TUR,2022,218,5561,150,4103,Protests,acled,2026-04-20 19:50:05
LBN,2022,53,1303,104,1069,Protests,acled,2026-04-20 19:50:05
IRQ,2022,2104,7747,1970,1130,Explosions/Remote violence,acled,2026-04-20 19:50:05
MEX,2022,7839,14309,1100,6719,Protests,acled,2026-04-20 19:50:05
CRI,2022,2,186,0,176,Protests,acled,2026-04-20 19:50:05
CUB,2022,2,392,1,226,Protests,acled,2026-04-20 19:50:05
SLV,2022,286,685,149,162,Strategic developments,acled,2026-04-20 19:50:05
DOM,2022,25,163,1,119,Protests,acled,2026-04-20 19:50:05
PRI,2022,212,454,49,141,Violence against civilians,acled,2026-04-20 19:50:05
JAM,2022,388,553,95,161,Violence against civilians,acled,2026-04-20 19:50:05
ARG,2022,16,2676,1,2637,Protests,acled,2026-04-20 19:50:05
BRA,2022,7748,14620,4251,4620,Violence against civilians,acled,2026-04-20 19:50:05
CHL,2022,34,2186,44,1751,Protests,acled,2026-04-20 19:50:05
PRY,2022,35,1186,6,1145,Protests,acled,2026-04-20 19:50:05
COL,2022,2305,4721,691,1715,Violence against civilians,acled,2026-04-20 19:50:05
PER,2022,48,2056,1,2044,Protests,acled,2026-04-20 19:50:05
VEN,2022,1075,3243,504,2297,Protests,acled,2026-04-20 19:50:05
BOL,2022,11,1199,3,1190,Protests,acled,2026-04-20 19:50:05
BHR,2022,0,720,0,686,Protests,acled,2026-04-20 19:50:05
BFA,2022,4246,2756,515,176,Strategic developments,acled,2026-04-20 19:50:05
SOM,2022,6664,3521,2063,92,Battles,acled,2026-04-20 19:50:05
SSD,2022,3719,2149,716,97,Violence against civilians,acled,2026-04-20 19:50:05
MAR,2022,56,1455,0,1396,Protests,acled,2026-04-20 19:50:05
LBY,2022,167,260,51,117,Protests,acled,2026-04-20 19:50:05
TUN,2022,1,860,3,854,Protests,acled,2026-04-20 19:50:05
ETH,2022,6440,1589,697,169,Battles,acled,2026-04-20 19:50:05
AGO,2022,108,184,6,152,Protests,acled,2026-04-20 19:50:05
CAF,2022,967,407,112,49,Violence against civilians,acled,2026-04-20 19:50:05
ZAF,2022,296,2090,9,1911,Protests,acled,2026-04-20 19:50:05
DZA,2022,27,369,13,345,Protests,acled,2026-04-20 19:50:05
NGA,2022,10943,4925,1176,1244,Violence against civilians,acled,2026-04-20 19:50:05
SDN,2022,2139,2728,228,1834,Protests,acled,2026-04-20 19:50:05
EGY,2022,275,248,81,53,Battles,acled,2026-04-20 19:50:05
MLI,2022,4863,1904,474,131,Violence against civilians,acled,2026-04-20 19:50:05
LBR,2022,11,54,1,44,Protests,acled,2026-04-20 19:50:05
GHA,2022,120,266,21,173,Riots,acled,2026-04-20 19:50:05
GIN,2022,40,233,10,192,Protests,acled,2026-04-20 19:50:05
LSO,2022,14,38,0,28,Protests,acled,2026-04-20 19:50:05
KEN,2022,692,1859,143,1224,Riots,acled,2026-04-20 19:50:05
TCD,2022,751,269,61,129,Protests,acled,2026-04-20 19:50:05
SWZ,2022,33,241,22,131,Riots,acled,2026-04-20 19:50:05
ZMB,2022,12,89,0,76,Protests,acled,2026-04-20 19:50:05
BDI,2022,261,463,44,92,Violence against civilians,acled,2026-04-20 19:50:05
CMR,2022,1635,2189,659,170,Violence against civilians,acled,2026-04-20 19:50:05
COD,2022,8082,5466,1852,704,Violence against civilians,acled,2026-04-20 19:50:05
IDN,2022,266,3459,48,3244,Protests,acled,2026-04-20 19:50:05
MMR,2022,24105,20278,4659,3395,Strategic developments,acled,2026-04-20 19:50:05
CHN,2022,6,1132,1,868,Protests,acled,2026-04-20 19:50:05
TWN,2022,0,855,0,847,Protests,acled,2026-04-20 19:50:05
PRK,2022,36,141,0,2,Strategic developments,acled,2026-04-20 19:50:05
KOR,2022,0,6081,0,6077,Protests,acled,2026-04-20 19:50:05
IND,2022,889,18220,308,16646,Protests,acled,2026-04-20 19:50:05
NPL,2022,15,3000,1,2888,Protests,acled,2026-04-20 19:50:05
PAK,2022,1850,8662,486,7161,Protests,acled,2026-04-20 19:50:05
AFG,2022,4179,3175,1041,313,Violence against civilians,acled,2026-04-20 19:50:05
BGD,2022,309,2310,25,2042,Protests,acled,2026-04-20 19:50:05
KAZ,2022,231,1075,1,921,Protests,acled,2026-04-20 19:50:05
FIN,2022,0,358,0,348,Protests,acled,2026-04-20 19:50:05
RUS,2022,115,1950,13,1309,Protests,acled,2026-04-20 19:50:05
ROU,2022,0,225,0,212,Protests,acled,2026-04-20 19:50:05
NOR,2022,2,505,0,484,Protests,acled,2026-04-20 19:50:05
MNE,2022,0,304,0,298,Protests,acled,2026-04-20 19:50:05
CYP,2022,1,459,1,417,Protests,acled,2026-04-20 19:50:05
ALB,2022,0,157,1,150,Protests,acled,2026-04-20 19:50:05
POL,2022,2,1398,0,1246,Protests,acled,2026-04-20 19:50:05
GRC,2022,70,752,1,583,Protests,acled,2026-04-20 19:50:05
UKR,2022,40555,43781,7436,300,Explosions/Remote violence,acled,2026-04-20 19:50:05
BIH,2022,1,168,0,154,Protests,acled,2026-04-20 19:50:05
UZB,2022,29,159,0,126,Protests,acled,2026-04-20 19:50:05
SWE,2022,0,1507,0,1490,Protests,acled,2026-04-20 19:50:05
SRB,2022,0,393,0,385,Protests,acled,2026-04-20 19:50:05
GEO,2022,0,503,0,489,Protests,acled,2026-04-20 19:50:05
KGZ,2022,68,403,20,334,Protests,acled,2026-04-20 19:50:05
DNK,2022,0,385,0,375,Protests,acled,2026-04-20 19:50:05
FRA,2022,14,6848,0,6677,Protests,acled,2026-04-20 19:50:05
ITA,2022,1,4875,0,4738,Protests,acled,2026-04-20 19:50:05
DEU,2022,1,4918,0,4884,Protests,acled,2026-04-20 19:50:05
GBR,2022,0,1798,0,1774,Protests,acled,2026-04-20 19:50:05
USA,2022,105,13303,7,12335,Protests,acled,2026-04-20 19:50:05
THA,2022,43,596,32,341,Protests,acled,2026-04-20 19:50:05
BEN,2022,168,260,42,59,Violence against civilians,acled,2026-04-20 19:50:05
CIV,2022,48,133,22,69,Protests,acled,2026-04-20 19:50:05
PAN,2022,2,636,0,631,Protests,acled,2026-04-20 19:50:05
TTO,2022,285,622,52,265,Violence against civilians,acled,2026-04-20 19:50:05
PSE,2022,225,8995,650,5852,Riots,acled,2026-04-20 19:50:05
SEN,2022,22,205,11,174,Protests,acled,2026-04-20 19:50:05
GAB,2022,0,54,1,48,Protests,acled,2026-04-20 19:50:05
MWI,2022,40,212,0,199,Protests,acled,2026-04-20 19:50:05
TZA,2022,39,76,1,29,Violence against civilians,acled,2026-04-20 19:50:05
NAM,2022,3,91,0,89,Protests,acled,2026-04-20 19:50:05
MDG,2022,364,365,90,175,Riots,acled,2026-04-20 19:50:05
MOZ,2022,925,632,140,71,Violence against civilians,acled,2026-04-20 19:50:05
GNB,2022,12,33,2,19,Protests,acled,2026-04-20 19:50:05
ZWE,2022,33,212,2,151,Riots,acled,2026-04-20 19:50:05
HTI,2022,1637,1497,379,499,Violence against civilians,acled,2026-04-20 19:50:05
BLZ,2022,48,111,19,27,Violence against civilians,acled,2026-04-20 19:50:05
NIC,2022,7,104,1,12,Strategic developments,acled,2026-04-20 19:50:05
GTM,2022,745,1381,336,523,Protests,acled,2026-04-20 19:50:05
GUY,2022,0,77,1,68,Protests,acled,2026-04-20 19:50:05
SUR,2022,0,71,0,67,Protests,acled,2026-04-20 19:50:05
YEM,2022,6620,8098,1548,501,Explosions/Remote violence,acled,2026-04-20 19:50:05
PHL,2022,930,1245,348,287,Violence against civilians,acled,2026-04-20 19:50:05
MYS,2022,4,159,0,140,Protests,acled,2026-04-20 19:50:05
JPN,2022,1,1604,0,1602,Protests,acled,2026-04-20 19:50:05
MNG,2022,0,129,0,129,Protests,acled,2026-04-20 19:50:05
ARM,2022,217,587,97,420,Protests,acled,2026-04-20 19:50:05
BLR,2022,4,204,1,82,Protests,acled,2026-04-20 19:50:05
AZE,2022,68,523,313,122,Battles,acled,2026-04-20 19:50:05
CZE,2022,0,421,1,302,Protests,acled,2026-04-20 19:50:05
BGR,2022,2,610,0,608,Protests,acled,2026-04-20 19:50:05
SVN,2022,0,77,0,64,Protests,acled,2026-04-20 19:50:05
MDV,2022,0,48,0,48,Protests,acled,2026-04-20 19:50:05
ESP,2022,0,3964,0,3939,Protests,acled,2026-04-20 19:50:05
MRT,2022,6,231,3,218,Protests,acled,2026-04-20 19:50:05
DJI,2022,7,8,1,5,Protests,acled,2026-04-20 19:50:05
ISR,2022,31,1071,5,898,Protests,acled,2026-04-20 19:50:05
CPV,2022,0,50,1,49,Protests,acled,2026-04-20 19:50:05
HND,2022,695,1853,77,1131,Protests,acled,2026-04-20 19:50:05
HUN,2022,0,429,0,417,Protests,acled,2026-04-20 19:50:05
EST,2022,0,76,0,74,Protests,acled,2026-04-20 19:50:05
SVK,2022,2,215,0,87,Strategic developments,acled,2026-04-20 19:50:05
PRT,2022,0,335,0,333,Protests,acled,2026-04-20 19:50:05
SMR,2022,0,12,0,12,Protests,acled,2026-04-20 19:50:05
IRL,2022,0,283,0,281,Protests,acled,2026-04-20 19:50:05
NER,2022,1019,989,142,25,Violence against civilians,acled,2026-04-20 19:50:05
URY,2022,1,117,0,115,Protests,acled,2026-04-20 19:50:05
TLS,2022,2,9,0,6,Protests,acled,2026-04-20 19:50:05
TJK,2022,71,33,12,5,Battles,acled,2026-04-20 19:50:05
NLD,2022,0,925,0,919,Protests,acled,2026-04-20 19:50:05
AUS,2022,7,814,1,809,Protests,acled,2026-04-20 19:50:05
CAN,2022,0,1869,0,1844,Protests,acled,2026-04-20 19:50:05
NZL,2022,0,310,0,305,Protests,acled,2026-04-20 19:50:05
SLE,2022,24,43,0,25,Riots,acled,2026-04-20 19:50:05
COG,2022,19,22,0,11,Violence against civilians,acled,2026-04-20 19:50:05
ECU,2022,44,1439,4,1375,Protests,acled,2026-04-20 19:50:05
HRV,2022,0,113,0,111,Protests,acled,2026-04-20 19:50:05
MKD,2022,0,168,0,163,Protests,acled,2026-04-20 19:50:05
MDA,2022,0,455,0,419,Protests,acled,2026-04-20 19:50:05
KIR,2022,0,1,0,0,Strategic developments,acled,2026-04-20 19:50:05
AUT,2022,0,314,0,308,Protests,acled,2026-04-20 19:50:05
ARE,2022,3,25,0,7,Strategic developments,acled,2026-04-20 19:50:05
BWA,2022,4,16,0,16,Riots,acled,2026-04-20 19:50:05
LVA,2022,0,50,0,47,Protests,acled,2026-04-20 19:50:05
SLB,2022,1,12,0,8,Protests,acled,2026-04-20 19:50:05
TKM,2022,0,3,0,2,Protests,acled,2026-04-20 19:50:05
LAO,2022,0,2,0,2,Protests,acled,2026-04-20 19:50:05
NCL,2022,0,51,0,46,Protests,acled,2026-04-20 19:50:05
VNM,2022,0,11,0,11,Protests,acled,2026-04-20 19:50:05
LTU,2022,0,79,0,76,Protests,acled,2026-04-20 19:50:05
FJI,2022,0,7,0,3,Strategic developments,acled,2026-04-20 19:50:05
BHS,2022,0,20,0,3,Strategic developments,acled,2026-04-20 19:50:05
COM,2022,2,27,0,23,Riots,acled,2026-04-20 19:50:05
MYT,2022,3,46,1,39,Riots,acled,2026-04-20 19:50:05
ERI,2022,0,12,2,0,Strategic developments,acled,2026-04-20 19:50:05
PYF,2022,0,19,0,17,Protests,acled,2026-04-20 19:50:05
PNG,2022,254,232,4,189,Riots,acled,2026-04-20 19:50:05
AND,2022,0,4,0,4,Protests,acled,2026-04-20 19:50:05
SAU,2022,89,63,0,1,Explosions/Remote violence,acled,2026-04-20 19:50:05
KHM,2022,1,137,0,128,Protests,acled,2026-04-20 19:50:05
WSM,2022,0,3,0,0,Strategic developments,acled,2026-04-20 19:50:05
JOR,2022,14,461,12,443,Protests,acled,2026-04-20 19:50:05
GNQ,2022,4,3,0,1,Strategic developments,acled,2026-04-20 19:50:05
GMB,2022,4,10,2,4,Riots,acled,2026-04-20 19:50:05
SGP,2022,0,8,0,4,Protests,acled,2026-04-20 19:50:05
BLM,2022,0,4,0,2,Strategic developments,acled,2026-04-20 19:50:05
GLP,2022,0,104,0,103,Protests,acled,2026-04-20 19:50:05
GUF,2022,0,35,0,33,Protests,acled,2026-04-20 19:50:05
MUS,2022,3,150,0,135,Protests,acled,2026-04-20 19:50:05
BES,2022,0,11,0,11,Protests,acled,2026-04-20 19:50:05
TGO,2022,81,48,9,11,Violence against civilians,acled,2026-04-20 19:50:05
STP,2022,5,12,1,9,Protests,acled,2026-04-20 19:50:05
BTN,2022,0,2,0,2,Riots,acled,2026-04-20 19:50:05
CHE,2022,2,193,1,189,Protests,acled,2026-04-20 19:50:05
GRL,2022,0,7,0,7,Protests,acled,2026-04-20 19:50:05
CXR,2022,0,1,0,1,Protests,acled,2026-04-20 19:50:05
TON,2022,0,2,0,0,Strategic developments,acled,2026-04-20 19:50:05
MCO,2022,0,2,0,2,Protests,acled,2026-04-20 19:50:05
GRD,2022,0,1,0,0,Strategic developments,acled,2026-04-20 19:50:05
RWA,2022,16,28,5,5,Violence against civilians,acled,2026-04-20 19:50:05
AIA,2022,0,1,0,1,Protests,acled,2026-04-20 19:50:05
KNA,2022,0,2,0,0,Strategic developments,acled,2026-04-20 19:50:05
KWT,2022,0,22,0,15,Protests,acled,2026-04-20 19:50:05
DMA,2022,0,17,0,16,Protests,acled,2026-04-20 19:50:05
QAT,2022,0,10,0,8,Protests,acled,2026-04-20 19:50:05
VUT,2022,1,3,0,2,Riots,acled,2026-04-20 19:50:05
NRU,2022,0,2,0,0,Strategic developments,acled,2026-04-20 19:50:05
VAT,2022,0,1,0,1,Protests,acled,2026-04-20 19:50:05
UGA,2022,363,666,86,362,Riots,acled,2026-04-20 19:50:05
BRB,2022,0,2,0,1,Protests,acled,2026-04-20 19:50:05
BEL,2022,3,551,2,543,Protests,acled,2026-04-20 19:50:05
OMN,2022,0,8,0,0,Strategic developments,acled,2026-04-20 19:50:05
TCA,2022,0,3,0,0,Strategic developments,acled,2026-04-20 19:50:05
LKA,2022,12,1118,0,1103,Protests,acled,2026-04-20 19:50:05
IMN,2022,0,1,0,1,Protests,acled,2026-04-20 19:50:05
ISL,2022,0,29,0,28,Protests,acled,2026-04-20 19:50:05
BMU,2022,0,8,0,8,Protests,acled,2026-04-20 19:50:05
REU,2022,0,114,0,109,Protests,acled,2026-04-20 19:50:05
SPM,2022,0,8,0,6,Protests,acled,2026-04-20 19:50:05
VCT,2022,0,2,0,2,Protests,acled,2026-04-20 19:50:05
LCA,2022,0,18,0,17,Protests,acled,2026-04-20 19:50:05
SYR,2022,6094,12421,2012,558,Explosions/Remote violence,acled,2026-04-20 19:50:05
ATG,2022,0,21,0,21,Protests,acled,2026-04-20 19:50:05
FRO,2022,0,1,0,0,Strategic developments,acled,2026-04-20 19:50:05
GGY,2022,0,2,0,2,Protests,acled,2026-04-20 19:50:05
LIE,2022,0,5,0,5,Protests,acled,2026-04-20 19:50:05
MLT,2022,0,83,0,82,Protests,acled,2026-04-20 19:50:05
MSR,2022,0,1,0,1,Protests,acled,2026-04-20 19:50:05
WLF,2022,0,4,0,1,Strategic developments,acled,2026-04-20 19:50:05
CUW,2022,0,6,0,6,Protests,acled,2026-04-20 19:50:05
MTQ,2022,0,34,0,33,Protests,acled,2026-04-20 19:50:05
LUX,2022,0,33,0,33,Protests,acled,2026-04-20 19:50:05
ATA,2022,0,3,0,3,Protests,acled,2026-04-20 19:50:05
SYC,2022,0,3,0,3,Protests,acled,2026-04-20 19:50:05
ABW,2022,0,8,0,8,Protests,acled,2026-04-20 19:50:05
MAF,2022,0,8,0,6,Riots,acled,2026-04-20 19:50:05
SXM,2022,0,5,0,3,Protests,acled,2026-04-20 19:50:05
GUM,2022,0,9,0,9,Protests,acled,2026-04-20 19:50:05
COK,2022,0,1,0,0,Strategic developments,acled,2026-04-20 19:50:05
CYM,2022,0,3,0,3,Protests,acled,2026-04-20 19:50:05
VGB,2022,0,2,0,2,Protests,acled,2026-04-20 19:50:05
ASM,2022,0,4,0,3,Protests,acled,2026-04-20 19:50:05
GIB,2022,0,1,0,1,Protests,acled,2026-04-20 19:50:05
COD,2023,5508,3750,1172,513,Violence against civilians,acled,2026-04-20 19:50:05
ETH,2023,3753,1767,809,207,Battles,acled,2026-04-20 19:50:05
LSO,2023,12,18,0,10,Violence against civilians,acled,2026-04-20 19:50:05
MWI,2023,53,204,1,184,Riots,acled,2026-04-20 19:50:05
ZAF,2023,315,2088,4,1885,Protests,acled,2026-04-20 19:50:05
SOM,2023,9176,3794,1984,131,Battles,acled,2026-04-20 19:50:05
SSD,2023,3061,1845,530,104,Violence against civilians,acled,2026-04-20 19:50:05
SDN,2023,16993,6708,2580,617,Battles,acled,2026-04-20 19:50:05
ZMB,2023,15,66,0,50,Riots,acled,2026-04-20 19:50:05
ARG,2023,7,2410,1,2390,Protests,acled,2026-04-20 19:50:05
BOL,2023,15,1300,3,1283,Protests,acled,2026-04-20 19:50:05
BRA,2023,8410,12402,4305,2176,Violence against civilians,acled,2026-04-20 19:50:05
CHL,2023,36,1794,27,1456,Protests,acled,2026-04-20 19:50:05
COL,2023,2019,5733,695,2710,Protests,acled,2026-04-20 19:50:05
PRY,2023,11,840,5,814,Protests,acled,2026-04-20 19:50:05
PER,2023,82,3385,4,3345,Protests,acled,2026-04-20 19:50:05
VEN,2023,783,3620,386,2933,Protests,acled,2026-04-20 19:50:05
YEM,2023,2697,7672,2148,2388,Protests,acled,2026-04-20 19:50:05
IRN,2023,214,4070,56,3549,Protests,acled,2026-04-20 19:50:05
IRQ,2023,1397,6531,1254,893,Explosions/Remote violence,acled,2026-04-20 19:50:05
ISR,2023,1773,4259,167,2565,Protests,acled,2026-04-20 19:50:05
JOR,2023,7,455,8,430,Protests,acled,2026-04-20 19:50:05
LBN,2023,272,3191,141,1048,Explosions/Remote violence,acled,2026-04-20 19:50:05
PSE,2023,22915,14119,1986,6237,Riots,acled,2026-04-20 19:50:05
TUR,2023,150,6087,93,4814,Protests,acled,2026-04-20 19:50:05
CUB,2023,6,168,0,63,Strategic developments,acled,2026-04-20 19:50:05
DOM,2023,14,148,1,101,Protests,acled,2026-04-20 19:50:05
GUY,2023,1,68,3,58,Protests,acled,2026-04-20 19:50:05
JAM,2023,423,582,104,139,Violence against civilians,acled,2026-04-20 19:50:05
MEX,2023,7276,13594,1338,6376,Protests,acled,2026-04-20 19:50:05
PRI,2023,198,373,52,88,Violence against civilians,acled,2026-04-20 19:50:05
SLV,2023,59,202,37,95,Protests,acled,2026-04-20 19:50:05
TTO,2023,333,584,65,154,Violence against civilians,acled,2026-04-20 19:50:05
DZA,2023,14,438,3,412,Protests,acled,2026-04-20 19:50:05
BFA,2023,8505,2360,647,164,Battles,acled,2026-04-20 19:50:05
CMR,2023,2184,3781,1033,183,Violence against civilians,acled,2026-04-20 19:50:05
TCD,2023,301,187,37,65,Violence against civilians,acled,2026-04-20 19:50:05
LBR,2023,9,67,0,61,Protests,acled,2026-04-20 19:50:05
LBY,2023,96,201,34,100,Protests,acled,2026-04-20 19:50:05
MRT,2023,9,251,2,236,Protests,acled,2026-04-20 19:50:05
MLI,2023,4347,2250,467,114,Violence against civilians,acled,2026-04-20 19:50:05
MAR,2023,38,2214,2,2157,Protests,acled,2026-04-20 19:50:05
NGA,2023,8790,4713,1188,1067,Violence against civilians,acled,2026-04-20 19:50:05
NER,2023,1159,798,127,65,Strategic developments,acled,2026-04-20 19:50:05
RWA,2023,8,22,2,3,Violence against civilians,acled,2026-04-20 19:50:05
SEN,2023,48,290,4,232,Riots,acled,2026-04-20 19:50:05
TUN,2023,9,774,2,749,Protests,acled,2026-04-20 19:50:05
UGA,2023,367,571,50,308,Riots,acled,2026-04-20 19:50:05
GBR,2023,1,1125,0,1108,Protests,acled,2026-04-20 19:50:05
AFG,2023,1238,1610,286,264,Violence against civilians,acled,2026-04-20 19:50:05
BGD,2023,336,2716,44,2315,Protests,acled,2026-04-20 19:50:05
IND,2023,1205,22931,512,20303,Protests,acled,2026-04-20 19:50:05
MDV,2023,0,74,0,71,Protests,acled,2026-04-20 19:50:05
NPL,2023,7,2483,0,2418,Protests,acled,2026-04-20 19:50:05
PAK,2023,2380,9121,672,7124,Protests,acled,2026-04-20 19:50:05
AUS,2023,0,883,0,880,Protests,acled,2026-04-20 19:50:05
IDN,2023,219,3578,92,3253,Protests,acled,2026-04-20 19:50:05
JPN,2023,0,1793,0,1790,Protests,acled,2026-04-20 19:50:05
PHL,2023,858,1272,309,414,Violence against civilians,acled,2026-04-20 19:50:05
TWN,2023,0,1262,0,1255,Protests,acled,2026-04-20 19:50:05
CHN,2023,9,1626,0,1452,Protests,acled,2026-04-20 19:50:05
KOR,2023,0,6344,0,6340,Protests,acled,2026-04-20 19:50:05
MMR,2023,21765,19114,5395,2268,Explosions/Remote violence,acled,2026-04-20 19:50:05
ALB,2023,1,103,0,97,Protests,acled,2026-04-20 19:50:05
AZE,2023,570,807,436,187,Battles,acled,2026-04-20 19:50:05
BGR,2023,0,578,0,577,Protests,acled,2026-04-20 19:50:05
BLR,2023,2,70,1,5,Strategic developments,acled,2026-04-20 19:50:05
CYP,2023,5,358,1,271,Protests,acled,2026-04-20 19:50:05
CZE,2023,0,247,0,236,Protests,acled,2026-04-20 19:50:05
DNK,2023,0,516,0,512,Protests,acled,2026-04-20 19:50:05
GEO,2023,2,320,0,311,Protests,acled,2026-04-20 19:50:05
GRC,2023,146,876,0,609,Protests,acled,2026-04-20 19:50:05
HUN,2023,0,206,0,201,Protests,acled,2026-04-20 19:50:05
KAZ,2023,4,651,0,583,Protests,acled,2026-04-20 19:50:05
LTU,2023,0,73,0,72,Protests,acled,2026-04-20 19:50:05
MNE,2023,1,138,0,136,Protests,acled,2026-04-20 19:50:05
POL,2023,3,1066,0,1027,Protests,acled,2026-04-20 19:50:05
RUS,2023,257,4117,35,414,Explosions/Remote violence,acled,2026-04-20 19:50:05
TJK,2023,6,12,2,3,Strategic developments,acled,2026-04-20 19:50:05
UKR,2023,39785,58093,10990,135,Explosions/Remote violence,acled,2026-04-20 19:50:05
UZB,2023,3,123,0,94,Protests,acled,2026-04-20 19:50:05
CAN,2023,4,1978,0,1940,Protests,acled,2026-04-20 19:50:05
USA,2023,67,12729,1,11704,Protests,acled,2026-04-20 19:50:05
AGO,2023,90,219,3,148,Protests,acled,2026-04-20 19:50:05
KEN,2023,1016,2555,202,1659,Protests,acled,2026-04-20 19:50:05
MOZ,2023,310,455,61,142,Strategic developments,acled,2026-04-20 19:50:05
NAM,2023,4,103,0,98,Protests,acled,2026-04-20 19:50:05
STP,2023,0,9,0,9,Protests,acled,2026-04-20 19:50:05
SWZ,2023,32,84,1,58,Protests,acled,2026-04-20 19:50:05
TZA,2023,23,82,1,42,Violence against civilians,acled,2026-04-20 19:50:05
ZWE,2023,40,234,0,154,Riots,acled,2026-04-20 19:50:05
BLZ,2023,38,93,14,25,Violence against civilians,acled,2026-04-20 19:50:05
HND,2023,655,1480,76,829,Protests,acled,2026-04-20 19:50:05
NIC,2023,13,89,5,4,Strategic developments,acled,2026-04-20 19:50:05
PAN,2023,7,764,0,747,Protests,acled,2026-04-20 19:50:05
SUR,2023,2,39,0,30,Protests,acled,2026-04-20 19:50:05
BEN,2023,218,373,54,63,Violence against civilians,acled,2026-04-20 19:50:05
BDI,2023,199,334,21,51,Violence against civilians,acled,2026-04-20 19:50:05
CAF,2023,618,465,138,31,Violence against civilians,acled,2026-04-20 19:50:05
GAB,2023,2,87,1,67,Protests,acled,2026-04-20 19:50:05
GHA,2023,177,368,15,285,Riots,acled,2026-04-20 19:50:05
GIN,2023,72,314,7,268,Protests,acled,2026-04-20 19:50:05
BHR,2023,0,824,0,812,Protests,acled,2026-04-20 19:50:05
ECU,2023,2809,3230,450,567,Violence against civilians,acled,2026-04-20 19:50:05
URY,2023,1,102,0,101,Protests,acled,2026-04-20 19:50:05
DEU,2023,8,4159,0,4062,Protests,acled,2026-04-20 19:50:05
FRA,2023,5,8892,0,8753,Protests,acled,2026-04-20 19:50:05
THA,2023,57,608,49,323,Protests,acled,2026-04-20 19:50:05
NZL,2023,0,215,0,214,Protests,acled,2026-04-20 19:50:05
BIH,2023,0,141,0,134,Protests,acled,2026-04-20 19:50:05
FIN,2023,0,302,0,297,Protests,acled,2026-04-20 19:50:05
MKD,2023,0,215,0,208,Protests,acled,2026-04-20 19:50:05
SRB,2023,18,501,0,487,Protests,acled,2026-04-20 19:50:05
SVK,2023,0,107,0,103,Protests,acled,2026-04-20 19:50:05
SVN,2023,0,100,0,94,Protests,acled,2026-04-20 19:50:05
SWE,2023,0,1457,0,1454,Protests,acled,2026-04-20 19:50:05
CIV,2023,27,105,3,77,Riots,acled,2026-04-20 19:50:05
GMB,2023,2,10,3,4,Battles,acled,2026-04-20 19:50:05
SLE,2023,32,73,3,40,Riots,acled,2026-04-20 19:50:05
AIA,2023,0,1,0,1,Riots,acled,2026-04-20 19:50:05
ESP,2023,0,3208,0,3205,Protests,acled,2026-04-20 19:50:05
ITA,2023,0,3333,0,3231,Protests,acled,2026-04-20 19:50:05
ARM,2023,24,427,107,298,Protests,acled,2026-04-20 19:50:05
KGZ,2023,2,213,2,177,Protests,acled,2026-04-20 19:50:05
MDA,2023,1,225,0,196,Protests,acled,2026-04-20 19:50:05
NOR,2023,0,341,0,339,Protests,acled,2026-04-20 19:50:05
ROU,2023,1,470,0,443,Protests,acled,2026-04-20 19:50:05
MYS,2023,0,157,0,130,Protests,acled,2026-04-20 19:50:05
SLB,2023,1,5,0,3,Protests,acled,2026-04-20 19:50:05
VNM,2023,11,18,2,14,Protests,acled,2026-04-20 19:50:05
IRL,2023,0,370,0,361,Protests,acled,2026-04-20 19:50:05
GTM,2023,852,1986,141,1058,Protests,acled,2026-04-20 19:50:05
MDG,2023,512,805,231,285,Battles,acled,2026-04-20 19:50:05
KHM,2023,0,90,0,87,Protests,acled,2026-04-20 19:50:05
PRK,2023,12,67,2,0,Strategic developments,acled,2026-04-20 19:50:05
EST,2023,0,28,0,26,Protests,acled,2026-04-20 19:50:05
LVA,2023,0,36,0,36,Protests,acled,2026-04-20 19:50:05
CPV,2023,0,52,0,49,Protests,acled,2026-04-20 19:50:05
MUS,2023,2,117,0,108,Protests,acled,2026-04-20 19:50:05
EGY,2023,31,207,2,175,Protests,acled,2026-04-20 19:50:05
BHS,2023,0,21,0,5,Violence against civilians,acled,2026-04-20 19:50:05
LCA,2023,0,12,0,10,Protests,acled,2026-04-20 19:50:05
MNG,2023,0,87,0,87,Protests,acled,2026-04-20 19:50:05
PNG,2023,357,375,9,269,Riots,acled,2026-04-20 19:50:05
NLD,2023,0,776,0,766,Protests,acled,2026-04-20 19:50:05
DJI,2023,17,16,0,12,Riots,acled,2026-04-20 19:50:05
CRI,2023,3,236,0,227,Protests,acled,2026-04-20 19:50:05
TKL,2023,0,1,0,0,Strategic developments,acled,2026-04-20 19:50:05
MCO,2023,0,3,0,3,Protests,acled,2026-04-20 19:50:05
HRV,2023,0,133,0,132,Protests,acled,2026-04-20 19:50:05
BWA,2023,7,25,0,22,Riots,acled,2026-04-20 19:50:05
TGO,2023,100,38,11,5,Battles,acled,2026-04-20 19:50:05
MNP,2023,0,2,0,2,Protests,acled,2026-04-20 19:50:05
SAU,2023,193,24,1,0,Strategic developments,acled,2026-04-20 19:50:05
PRT,2023,0,581,0,581,Protests,acled,2026-04-20 19:50:05
NCL,2023,0,64,0,64,Protests,acled,2026-04-20 19:50:05
COG,2023,6,12,0,6,Riots,acled,2026-04-20 19:50:05
GNQ,2023,0,2,0,2,Protests,acled,2026-04-20 19:50:05
PYF,2023,0,38,0,36,Protests,acled,2026-04-20 19:50:05
ERI,2023,1,6,0,0,Strategic developments,acled,2026-04-20 19:50:05
HTI,2023,2520,1821,453,417,Violence against civilians,acled,2026-04-20 19:50:05
AND,2023,0,8,0,8,Protests,acled,2026-04-20 19:50:05
LKA,2023,7,890,2,836,Protests,acled,2026-04-20 19:50:05
TKM,2023,1,4,0,2,Protests,acled,2026-04-20 19:50:05
SYC,2023,0,4,0,4,Protests,acled,2026-04-20 19:50:05
ARE,2023,0,4,0,1,Strategic developments,acled,2026-04-20 19:50:05
GNB,2023,5,33,1,21,Protests,acled,2026-04-20 19:50:05
MYT,2023,0,73,0,71,Protests,acled,2026-04-20 19:50:05
FSM,2023,0,1,0,0,Strategic developments,acled,2026-04-20 19:50:05
NIU,2023,0,1,0,0,Strategic developments,acled,2026-04-20 19:50:05
TLS,2023,0,16,0,15,Protests,acled,2026-04-20 19:50:05
BEL,2023,4,721,1,709,Protests,acled,2026-04-20 19:50:05
FJI,2023,0,9,0,9,Protests,acled,2026-04-20 19:50:05
CHE,2023,0,194,0,191,Protests,acled,2026-04-20 19:50:05
MHL,2023,0,4,0,3,Protests,acled,2026-04-20 19:50:05
BRB,2023,0,3,0,3,Protests,acled,2026-04-20 19:50:05
ISL,2023,0,42,0,41,Protests,acled,2026-04-20 19:50:05
VAT,2023,0,2,0,2,Protests,acled,2026-04-20 19:50:05
TCA,2023,0,14,0,0,Strategic developments,acled,2026-04-20 19:50:05
VCT,2023,0,2,0,1,Protests,acled,2026-04-20 19:50:05
VUT,2023,0,5,0,2,Strategic developments,acled,2026-04-20 19:50:05
FRO,2023,0,1,0,1,Protests,acled,2026-04-20 19:50:05
GRL,2023,0,5,0,5,Protests,acled,2026-04-20 19:50:05
SMR,2023,0,2,0,2,Protests,acled,2026-04-20 19:50:05
WSM,2023,0,2,0,2,Riots,acled,2026-04-20 19:50:05
SGP,2023,0,3,0,2,Protests,acled,2026-04-20 19:50:05
QAT,2023,0,19,0,17,Protests,acled,2026-04-20 19:50:05
NRU,2023,0,1,0,0,Strategic developments,acled,2026-04-20 19:50:05
OMN,2023,0,16,0,7,Strategic developments,acled,2026-04-20 19:50:05
BRN,2023,0,1,0,1,Protests,acled,2026-04-20 19:50:05
CUW,2023,0,5,0,5,Protests,acled,2026-04-20 19:50:05
GRD,2023,0,1,0,1,Protests,acled,2026-04-20 19:50:05
BMU,2023,0,11,0,11,Protests,acled,2026-04-20 19:50:05
REU,2023,0,178,0,175,Protests,acled,2026-04-20 19:50:05
GUF,2023,2,60,1,57,Protests,acled,2026-04-20 19:50:05
BTN,2023,0,1,0,0,Strategic developments,acled,2026-04-20 19:50:05
ATG,2023,1,16,0,14,Protests,acled,2026-04-20 19:50:05
COM,2023,1,39,0,29,Protests,acled,2026-04-20 19:50:05
SYR,2023,6317,12827,2556,1388,Explosions/Remote violence,acled,2026-04-20 19:50:05
AUT,2023,0,443,0,437,Protests,acled,2026-04-20 19:50:05
MLT,2023,0,76,0,75,Protests,acled,2026-04-20 19:50:05
MTQ,2023,0,77,0,76,Protests,acled,2026-04-20 19:50:05
SPM,2023,0,6,0,6,Protests,acled,2026-04-20 19:50:05
WLF,2023,0,12,0,12,Protests,acled,2026-04-20 19:50:05
GLP,2023,0,76,0,76,Protests,acled,2026-04-20 19:50:05
DMA,2023,0,6,0,4,Protests,acled,2026-04-20 19:50:05
LUX,2023,0,40,0,39,Protests,acled,2026-04-20 19:50:05
KNA,2023,0,1,0,0,Strategic developments,acled,2026-04-20 19:50:05
ATA,2023,0,1,0,1,Protests,acled,2026-04-20 19:50:05
ABW,2023,0,5,0,4,Protests,acled,2026-04-20 19:50:05
MAF,2023,0,5,1,4,Protests,acled,2026-04-20 19:50:05
SXM,2023,0,1,0,1,Protests,acled,2026-04-20 19:50:05
LAO,2023,0,2,0,0,Violence against civilians,acled,2026-04-20 19:50:05
GUM,2023,0,8,0,8,Protests,acled,2026-04-20 19:50:05
BES,2023,0,5,0,2,Strategic developments,acled,2026-04-20 19:50:05
VGB,2023,0,1,0,1,Protests,acled,2026-04-20 19:50:05
CYM,2023,0,1,0,0,Strategic developments,acled,2026-04-20 19:50:05
KWT,2023,0,17,0,9,Protests,acled,2026-04-20 19:50:05
GIB,2023,0,1,0,1,Protests,acled,2026-04-20 19:50:05
